Time,Command_1,Z_1,Step_1,Command_2,Z_2,Step_2
0.000000,4.000000,0.004000,100.000000,4.000000,0.004000,50.000000
0.100000,8.000000,0.015980,100.000000,8.000000,0.015980,50.000000
0.200000,12.000000,0.039900,100.000000,12.000000,0.039900,50.000000
0.300000,16.000000,0.079701,100.000000,16.000000,0.079701,50.000000
0.400000,20.000000,0.139302,100.000000,20.000000,0.139302,50.000000
0.500000,24.000000,0.222606,100.000000,24.000000,0.222606,50.000000
0.600000,28.000000,0.333493,100.000000,28.000000,0.333493,50.000000
0.700000,32.000000,0.475825,100.000000,32.000000,0.475825,50.000000
0.800000,36.000000,0.653446,100.000000,36.000000,0.653446,50.000000
0.900000,40.000000,0.870179,100.000000,40.000000,0.870179,50.000000
1.000000,44.000000,1.129828,100.000000,44.000000,1.129828,50.000000
1.100000,48.000000,1.436179,100.000000,48.000000,1.436179,50.000000
1.200000,52.000000,1.792998,100.000000,52.000000,1.792998,50.000000
1.300000,56.000000,2.204033,100.000000,56.000000,2.204033,50.000000
1.400000,60.000000,2.673013,100.000000,60.000000,2.673013,50.000000
1.500000,64.000000,3.203648,100.000000,64.000000,3.203648,50.000000
1.600000,68.000000,3.799629,100.000000,68.000000,3.799629,50.000000
1.700000,72.000000,4.464631,100.000000,69.167447,4.461799,50.000000
1.800000,76.000000,5.202308,100.000000,65.167447,5.185825,50.000000
1.900000,80.000000,6.016297,100.000000,61.167447,5.967398,50.000000
2.000000,84.000000,6.910215,100.000000,57.167447,6.802231,50.000000
2.100000,88.000000,7.887664,100.000000,53.167447,7.686057,50.000000
2.200000,92.000000,8.952226,100.000000,49.167447,8.614631,50.000000
2.300000,89.840164,10.101305,100.000000,45.167447,9.583730,50.000000
2.400000,85.840164,11.330478,100.000000,41.167447,10.589151,50.000000
2.500000,81.840164,12.635347,100.000000,37.167447,11.626712,50.000000
2.600000,77.840164,14.011530,100.000000,33.167447,12.692253,50.000000
2.700000,73.840164,15.454674,100.000000,29.167447,13.781634,50.000000
2.800000,69.840164,16.960441,100.000000,25.167447,14.890735,50.000000
2.900000,65.840164,18.524520,100.000000,21.167447,16.015458,50.000000
3.000000,61.840164,20.142619,100.000000,17.167447,17.151725,50.000000
3.100000,57.840164,21.810467,100.000000,13.167447,18.295478,50.000000
3.200000,53.840164,23.523817,100.000000,9.167447,19.442680,50.000000
3.300000,49.840164,25.278439,100.000000,5.167447,20.589313,50.000000
3.400000,45.840164,27.070129,100.000000,1.167447,21.731381,50.000000
3.500000,41.840164,28.894701,100.000000,-2.832553,22.864905,50.000000
3.600000,37.840164,30.747989,100.000000,-6.832553,23.985930,50.000000
3.700000,33.840164,32.625852,100.000000,-10.832553,25.090516,50.000000
3.800000,29.840164,34.524165,100.000000,-14.832553,26.174748,50.000000
3.900000,25.840164,36.438827,100.000000,-18.832553,27.234725,50.000000
4.000000,21.840164,38.365756,100.000000,-22.832553,28.266570,50.000000
4.100000,17.840164,40.300890,100.000000,-26.832553,29.266424,50.000000
4.200000,13.840164,42.240189,100.000000,-30.832553,30.230445,50.000000
4.300000,9.840164,44.179632,100.000000,-34.832553,31.154814,50.000000
4.400000,5.840164,46.115217,100.000000,-38.832553,32.035728,50.000000
4.500000,1.840164,48.042965,100.000000,-42.832553,32.869406,50.000000
4.600000,-2.159836,49.958914,100.000000,-46.832553,33.652082,50.000000
4.700000,-6.159836,51.859123,100.000000,-47.618873,34.383226,50.000000
4.800000,-10.159836,53.739672,100.000000,-47.444695,35.063270,50.000000
4.900000,-14.159836,55.596658,100.000000,-46.966637,35.692947,50.000000
5.000000,-18.159836,57.426199,100.000000,-46.210297,36.273265,50.000000
5.100000,-22.159836,59.224433,100.000000,-45.201196,36.805480,50.000000
5.200000,-26.159836,60.987516,100.000000,-43.964630,37.291070,50.000000
5.300000,-30.159836,62.711623,100.000000,-42.525515,37.731706,50.000000
5.400000,-34.159836,64.392950,100.000000,-40.908264,38.129231,50.000000
5.500000,-38.159836,66.027711,100.000000,-39.136661,38.485631,50.000000
5.600000,-42.159836,67.612138,100.000000,-37.233755,38.803016,50.000000
5.700000,-46.159836,69.142483,100.000000,-35.221769,39.083592,50.000000
5.800000,-49.652276,70.615524,100.000000,-33.122014,39.329643,50.000000
5.900000,-49.938445,72.031262,100.000000,-30.954819,39.543509,50.000000
6.000000,-50.002181,73.389918,100.000000,-28.739473,39.727567,50.000000
6.100000,-49.860447,74.691921,100.000000,-26.494173,39.884209,50.000000
6.200000,-49.529770,75.937884,100.000000,-24.235992,40.015833,50.000000
6.300000,-49.026205,77.128591,100.000000,-21.980845,40.124818,50.000000
6.400000,-48.365301,78.264979,100.000000,-19.743474,40.213514,50.000000
6.500000,-47.562074,79.348123,100.000000,-17.537435,40.284229,50.000000
6.600000,-46.630986,80.379221,100.000000,-15.375101,40.339216,50.000000
6.700000,-45.585924,81.359577,100.000000,-13.267663,40.380660,50.000000
6.800000,-44.440186,82.290591,100.000000,-11.225147,40.410672,50.000000
6.900000,-43.206470,83.173743,100.000000,-9.256432,40.431277,50.000000
7.000000,-41.896865,84.010583,100.000000,-7.369276,40.444410,50.000000
7.100000,-40.522849,84.802716,100.000000,-5.570348,40.451906,50.000000
7.200000,-39.095285,85.551793,100.000000,-3.865262,40.455501,50.000000
7.300000,-37.624422,86.259500,100.000000,-2.258618,40.456818,50.000000
7.400000,-36.119899,86.927549,100.000000,-0.754044,40.457375,50.000000
7.500000,-34.590753,87.557666,100.000000,0.645755,40.458575,50.000000
7.600000,-33.045425,88.151588,100.000000,1.938948,40.461708,50.000000
7.700000,-31.491769,88.711048,100.000000,3.124531,40.467949,50.000000
7.800000,-29.937067,89.237774,100.000000,4.202267,40.478362,50.000000
7.900000,-28.388039,89.733478,100.000000,5.172639,40.493895,50.000000
8.000000,-26.850860,90.199853,100.000000,6.036790,40.515388,50.000000
8.100000,-25.331174,90.638565,100.000000,6.796474,40.543569,50.000000
8.200000,-23.834113,91.051249,100.000000,7.453994,40.579064,50.000000
8.300000,-22.364313,91.439505,100.000000,8.012151,40.622393,50.000000
8.400000,-20.925931,91.804894,100.000000,8.474193,40.673980,50.000000
8.500000,-19.522671,92.148934,100.000000,8.843757,40.734152,50.000000
8.600000,-18.157793,92.473096,100.000000,9.124821,40.803149,50.000000
8.700000,-16.834144,92.778802,100.000000,9.321652,40.881122,50.000000
8.800000,-15.554169,93.067426,100.000000,9.438759,40.968144,50.000000
8.900000,-14.319937,93.340287,100.000000,9.480849,41.064212,50.000000
9.000000,-13.133159,93.598650,100.000000,9.452776,41.169253,50.000000
9.100000,-11.995210,93.843727,100.000000,9.359507,41.283127,50.000000
9.200000,-10.907147,94.076671,100.000000,9.206076,41.405638,50.000000
9.300000,-9.869732,94.298580,100.000000,8.997550,41.536535,50.000000
9.400000,-8.883446,94.510496,100.000000,8.738994,41.675516,50.000000
9.500000,-7.948517,94.713405,100.000000,8.435437,41.822237,50.000000
9.600000,-7.064931,94.908233,100.000000,8.091845,41.976316,50.000000
9.700000,-6.232456,95.095856,100.000000,7.713090,42.137339,50.000000
9.800000,-5.450655,95.277089,100.000000,7.303929,42.304860,50.000000
9.900000,-4.718909,95.452698,100.000000,6.868979,42.478412,50.000000
10.000000,-4.036430,95.623391,100.000000,6.412700,42.657510,50.000000
10.100000,-3.402279,95.789830,100.000000,5.939375,42.841651,50.000000
10.200000,-2.815381,95.952620,100.000000,5.453097,43.030325,50.000000
10.300000,-2.274541,96.112322,100.000000,4.957755,43.223013,50.000000
10.400000,-1.778459,96.269447,100.000000,4.457026,43.419194,50.000000
10.500000,-1.325739,96.424461,100.000000,3.954365,43.618349,50.000000
10.600000,-0.914910,96.577785,100.000000,3.452996,43.819962,50.000000
10.700000,-0.544433,96.729798,100.000000,2.955913,44.023522,50.000000
10.800000,-0.212712,96.880838,100.000000,2.465875,44.228530,50.000000
10.900000,0.081889,97.031204,100.000000,1.985403,44.434499,50.000000
11.000000,0.341044,97.181160,100.000000,1.516785,44.640954,50.000000
11.100000,0.566447,97.330933,100.000000,1.062075,44.847440,50.000000
11.200000,0.759808,97.480716,100.000000,0.623096,45.053516,50.000000
11.300000,0.922842,97.630673,100.000000,0.201448,45.258763,50.000000
11.400000,1.057265,97.780938,100.000000,-0.201490,45.462782,50.000000
11.500000,1.164782,97.931617,100.000000,-0.584551,45.665197,50.000000
11.600000,1.247081,98.082789,100.000000,-0.946771,45.865653,50.000000
11.700000,1.305832,98.234511,100.000000,-1.287385,46.063819,50.000000
11.800000,1.342674,98.386817,100.000000,-1.605813,46.259388,50.000000
11.900000,1.359217,98.539720,100.000000,-1.901655,46.452079,50.000000
12.000000,1.357034,98.693217,100.000000,-2.174676,46.641630,50.000000
12.100000,1.337655,98.847283,100.000000,-2.424800,46.827810,50.000000
12.200000,1.302570,99.001882,100.000000,-2.652096,47.010406,50.000000
12.300000,1.253218,99.156961,100.000000,-2.856771,47.189233,50.000000
12.400000,1.190992,99.312455,100.000000,-3.039156,47.364126,50.000000
12.500000,1.117231,99.468289,100.000000,-3.199693,47.534945,50.000000
12.600000,1.033223,99.624378,100.000000,-3.338931,47.701571,50.000000
12.700000,0.940199,99.780626,100.000000,-3.457509,47.863907,50.000000
12.800000,0.839335,99.936932,100.000000,-3.556148,48.021875,50.000000
12.900000,0.731750,100.093188,100.000000,-3.635639,48.175417,50.000000
13.000000,0.618507,100.249282,100.000000,-3.696837,48.324495,50.000000
13.100000,0.500610,100.405096,100.000000,-3.740645,48.469086,50.000000
13.200000,0.379008,100.560509,100.000000,-3.768011,48.609187,50.000000
13.300000,0.254592,100.715401,100.000000,-3.779915,48.744807,50.000000
13.400000,0.128197,100.869645,100.000000,-3.777362,48.875972,50.000000
13.500000,0.000603,101.023120,100.000000,-3.761371,49.002719,50.000000
13.600000,-0.127467,101.175699,100.000000,-3.732975,49.125100,50.000000
13.700000,-0.255339,101.327260,100.000000,-3.693203,49.243176,50.000000
13.800000,-0.382395,101.477682,100.000000,-3.643084,49.357018,50.000000
13.900000,-0.508067,101.626842,100.000000,-3.583634,49.466708,50.000000
14.000000,-0.631836,101.774626,100.000000,-3.515852,49.572333,50.000000
14.100000,-0.753230,101.920917,100.000000,-3.440715,49.673989,50.000000
14.200000,-0.871825,102.065605,100.000000,-3.359177,49.771778,50.000000
14.300000,-0.987239,102.208582,100.000000,-3.272158,49.865806,50.000000
14.400000,-1.099136,102.349745,100.000000,-3.180545,49.956183,50.000000
14.500000,-1.207219,102.488995,100.000000,-3.085190,50.043023,50.000000
14.600000,-1.311228,102.626237,100.000000,-2.986903,50.126442,50.000000
14.700000,-1.410945,102.761383,100.000000,-2.886452,50.206557,50.000000
14.800000,-1.506182,102.894346,100.000000,-2.784563,50.283487,50.000000
14.900000,-1.596787,103.025048,100.000000,-2.681916,50.357351,50.000000
15.000000,-1.682639,103.153414,100.000000,-2.579143,50.428266,50.000000
15.100000,-1.763648,103.279374,100.000000,-2.476832,50.496350,50.000000
15.200000,-1.839749,103.402865,100.000000,-2.375522,50.561718,50.000000
15.300000,-1.910903,103.523827,100.000000,-2.275706,50.624483,50.000000
15.400000,-1.977098,103.642208,100.000000,-2.177829,50.684757,50.000000
15.500000,-2.038341,103.757958,100.000000,-2.082291,50.742647,50.000000
15.600000,-2.094661,103.871035,100.000000,-1.989447,50.798258,50.000000
15.700000,-2.146106,103.981400,100.000000,-1.899605,50.851691,50.000000
15.800000,-2.192740,104.089021,100.000000,-1.813033,50.903044,50.000000
15.900000,-2.234643,104.193869,100.000000,-1.729956,50.952411,50.000000
16.000000,-2.271910,104.295921,100.000000,-1.650560,50.999880,50.000000
16.100000,-2.304649,104.395158,100.000000,-1.574992,51.045537,50.000000
16.200000,-2.332976,104.491566,100.000000,-1.503363,51.089462,50.000000
16.300000,-2.357020,104.585134,100.000000,-1.435749,51.131731,50.000000
16.400000,-2.376918,104.675858,100.000000,-1.372196,51.172418,50.000000
16.500000,-2.392814,104.763736,100.000000,-1.312716,51.211588,50.000000
16.600000,-2.404856,104.848769,100.000000,-1.257297,51.249305,50.000000
16.700000,-2.413201,104.930964,100.000000,-1.205898,51.285627,50.000000
16.800000,-2.418008,105.010330,100.000000,-1.158457,51.320609,50.000000
16.900000,-2.419438,105.086880,100.000000,-1.114888,51.354302,50.000000
17.000000,-2.417657,105.160629,100.000000,-1.075087,51.386751,50.000000
17.100000,-2.412828,105.231597,100.000000,-1.038933,51.417999,50.000000
17.200000,-2.405119,105.299805,100.000000,-1.006289,51.448084,50.000000
17.300000,-2.394696,105.365277,100.000000,-0.977005,51.477042,50.000000
17.400000,-2.381722,105.428040,100.000000,-0.950921,51.504904,50.000000
17.500000,-2.366363,105.488122,100.000000,-0.927865,51.531699,50.000000
17.600000,-2.348777,105.545556,100.000000,-0.907661,51.557452,50.000000
17.700000,-2.329125,105.600373,100.000000,-0.890125,51.582187,50.000000
17.800000,-2.307562,105.652609,100.000000,-0.875069,51.605922,50.000000
17.900000,-2.284240,105.702299,100.000000,-0.862303,51.628677,50.000000
18.000000,-2.259307,105.749481,100.000000,-0.851635,51.650466,50.000000
18.100000,-2.232906,105.794195,100.000000,-0.842875,51.671304,50.000000
18.200000,-2.205179,105.836480,100.000000,-0.835833,51.691201,50.000000
18.300000,-2.176258,105.876377,100.000000,-0.830322,51.710169,50.000000
18.400000,-2.146275,105.913928,100.000000,-0.826159,51.728216,50.000000
18.500000,-2.115354,105.949177,100.000000,-0.823165,51.745349,50.000000
18.600000,-2.083615,105.982165,100.000000,-0.821166,51.761575,50.000000
18.700000,-2.051172,106.012938,100.000000,-0.819997,51.776901,50.000000
18.800000,-2.018134,106.041538,100.000000,-0.819497,51.791330,50.000000
18.900000,-1.984604,106.068011,100.000000,-0.819514,51.804867,50.000000
19.000000,-1.950682,106.092400,100.000000,-0.819902,51.817517,50.000000
19.100000,-1.916458,106.114752,100.000000,-0.820526,51.829283,50.000000
19.200000,-1.882021,106.135109,100.000000,-0.821259,51.840170,50.000000
19.300000,-1.847453,106.153518,100.000000,-0.821981,51.850179,50.000000
19.400000,-1.812830,106.170021,100.000000,-0.822583,51.859316,50.000000
19.500000,-1.778224,106.184664,100.000000,-0.822965,51.867585,50.000000
19.600000,-1.743701,106.197489,100.000000,-0.823034,51.874989,50.000000
19.700000,-1.709322,106.208542,100.000000,-0.822710,51.881533,50.000000
19.800000,-1.675145,106.217864,100.000000,-0.821917,51.887222,50.000000
19.900000,-1.641222,106.225498,100.000000,-0.820593,51.892063,50.000000
20.000000,-1.607598,106.231486,100.000000,-0.818682,51.896061,50.000000
20.100000,-1.574319,106.235870,100.000000,-0.816135,51.899222,50.000000
20.200000,-1.541421,106.238691,100.000000,-0.812914,51.901555,50.000000
20.300000,-1.508941,106.239988,100.000000,-0.808987,51.903067,50.000000
20.400000,-1.476908,106.239802,100.000000,-0.804331,51.903768,50.000000
20.500000,-1.445350,106.238172,100.000000,-0.798929,51.903666,50.000000
20.600000,-1.414291,106.235136,100.000000,-0.792771,51.902771,50.000000
20.700000,-1.383749,106.230731,100.000000,-0.785854,51.901095,50.000000
20.800000,-1.353743,106.224995,100.000000,-0.778179,51.898650,50.000000
20.900000,-1.324287,106.217962,100.000000,-0.769754,51.895447,50.000000
21.000000,-1.295391,106.209670,100.000000,-0.760594,51.891499,50.000000
21.100000,-1.267064,106.200152,100.000000,-0.750714,51.886820,50.000000
21.200000,-1.239311,106.189442,100.000000,-0.740137,51.881425,50.000000
21.300000,-1.212137,106.177574,100.000000,-0.728889,51.875328,50.000000
21.400000,-1.185543,106.164579,100.000000,-0.716999,51.868544,50.000000
21.500000,-1.159528,106.150490,100.000000,-0.704499,51.861090,50.000000
21.600000,-1.134091,106.135337,100.000000,-0.691423,51.852981,50.000000
21.700000,-1.109226,106.119151,100.000000,-0.677808,51.844235,50.000000
21.800000,-1.084930,106.101961,100.000000,-0.663692,51.834869,50.000000
21.900000,-1.061193,106.083796,100.000000,-0.649117,51.824901,50.000000
22.000000,-1.038010,106.064683,100.000000,-0.634122,51.814349,50.000000
22.100000,-1.015369,106.044650,100.000000,-0.618750,51.803231,50.000000
22.200000,-0.993262,106.023725,100.000000,-0.603042,51.791565,50.000000
22.300000,-0.971676,106.001932,100.000000,-0.587042,51.779370,50.000000
22.400000,-0.950601,105.979298,100.000000,-0.570792,51.766666,50.000000
22.500000,-0.930023,105.955847,100.000000,-0.554333,51.753471,50.000000
22.600000,-0.909929,105.931603,100.000000,-0.537707,51.739804,50.000000
22.700000,-0.890307,105.906590,100.000000,-0.520955,51.725685,50.000000
22.800000,-0.871141,105.880832,100.000000,-0.504115,51.711132,50.000000
22.900000,-0.852419,105.854349,100.000000,-0.487226,51.696164,50.000000
23.000000,-0.834125,105.827165,100.000000,-0.470326,51.680801,50.000000
23.100000,-0.816247,105.799300,100.000000,-0.453449,51.665062,50.000000
23.200000,-0.798768,105.770776,100.000000,-0.436630,51.648964,50.000000
23.300000,-0.781675,105.741613,100.000000,-0.419900,51.632527,50.000000
23.400000,-0.764953,105.711831,100.000000,-0.403290,51.615769,50.000000
23.500000,-0.748589,105.681449,100.000000,-0.386829,51.598708,50.000000
23.600000,-0.732569,105.650486,100.000000,-0.370543,51.581362,50.000000
23.700000,-0.716878,105.618962,100.000000,-0.354456,51.563748,50.000000
23.800000,-0.701503,105.586893,100.000000,-0.338593,51.545883,50.000000
23.900000,-0.686432,105.554299,100.000000,-0.322973,51.527785,50.000000
24.000000,-0.671651,105.521196,100.000000,-0.307615,51.509470,50.000000
24.100000,-0.657148,105.487601,100.000000,-0.292537,51.490954,50.000000
24.200000,-0.642911,105.453531,100.000000,-0.277753,51.472252,50.000000
24.300000,-0.628929,105.419002,100.000000,-0.263276,51.453381,50.000000
24.400000,-0.615190,105.384031,100.000000,-0.249119,51.434355,50.000000
24.500000,-0.601683,105.348634,100.000000,-0.235290,51.415189,50.000000
24.600000,-0.588399,105.312824,100.000000,-0.221798,51.395897,50.000000
24.700000,-0.575327,105.276619,100.000000,-0.208648,51.376492,50.000000
24.800000,-0.562459,105.240032,100.000000,-0.195846,51.356989,50.000000
24.900000,-0.549785,105.203078,100.000000,-0.183395,51.337400,50.000000
25.000000,-0.537296,105.165772,100.000000,-0.171296,51.317738,50.000000
25.100000,-0.524986,105.128127,100.000000,-0.159551,51.298014,50.000000
25.200000,-0.512846,105.090158,100.000000,-0.148158,51.278241,50.000000
25.300000,-0.500870,105.051878,100.000000,-0.137116,51.258430,50.000000
25.400000,-0.489050,105.013300,100.000000,-0.126421,51.238591,50.000000
25.500000,-0.477381,104.974437,100.000000,-0.116070,51.218735,50.000000
25.600000,-0.465858,104.935303,100.000000,-0.106059,51.198873,50.000000
25.700000,-0.454473,104.895910,100.000000,-0.096381,51.179013,50.000000
25.800000,-0.443224,104.856271,100.000000,-0.087031,51.159166,50.000000
25.900000,-0.432105,104.816398,100.000000,-0.078001,51.139340,50.000000
26.000000,-0.421112,104.776303,100.000000,-0.069284,51.119544,50.000000
26.100000,-0.410242,104.735999,100.000000,-0.060872,51.099786,50.000000
26.200000,-0.399490,104.695496,100.000000,-0.052758,51.080074,50.000000
26.300000,-0.388855,104.654807,100.000000,-0.044931,51.060416,50.000000
26.400000,-0.378333,104.613943,100.000000,-0.037385,51.040818,50.000000
26.500000,-0.367921,104.572916,100.000000,-0.030109,51.021289,50.000000
26.600000,-0.357618,104.531736,100.000000,-0.023094,51.001834,50.000000
26.700000,-0.347422,104.490415,100.000000,-0.016332,50.982460,50.000000
26.800000,-0.337331,104.448963,100.000000,-0.009813,50.963173,50.000000
26.900000,-0.327343,104.407391,100.000000,-0.003527,50.943979,50.000000
27.000000,-0.317458,104.365709,100.000000,0.002533,50.924883,50.000000
27.100000,-0.307675,104.323928,100.000000,0.008378,50.905891,50.000000
27.200000,-0.297992,104.282058,100.000000,0.014016,50.887008,50.000000
27.300000,-0.288409,104.240109,100.000000,0.019455,50.868239,50.000000
27.400000,-0.278926,104.198090,100.000000,0.024704,50.849589,50.000000
27.500000,-0.269542,104.156012,100.000000,0.029770,50.831062,50.000000
27.600000,-0.260258,104.113885,100.000000,0.034663,50.812662,50.000000
27.700000,-0.251072,104.071717,100.000000,0.039389,50.794393,50.000000
27.800000,-0.241986,104.029517,100.000000,0.043955,50.776260,50.000000
27.900000,-0.233000,103.987296,100.000000,0.048368,50.758265,50.000000
28.000000,-0.224112,103.945062,100.000000,0.052635,50.740414,50.000000
28.100000,-0.215325,103.902823,100.000000,0.056762,50.722708,50.000000
28.200000,-0.206639,103.860589,100.000000,0.060755,50.705152,50.000000
28.300000,-0.198053,103.818369,100.000000,0.064620,50.687748,50.000000
28.400000,-0.189568,103.776170,100.000000,0.068360,50.670499,50.000000
28.500000,-0.181185,103.734000,100.000000,0.071982,50.653409,50.000000
28.600000,-0.172904,103.691869,100.000000,0.075489,50.636479,50.000000
28.700000,-0.164726,103.649783,100.000000,0.078887,50.619713,50.000000
28.800000,-0.156652,103.607751,100.000000,0.082177,50.603113,50.000000
28.900000,-0.148681,103.565781,100.000000,0.085365,50.586682,50.000000
29.000000,-0.140816,103.523880,100.000000,0.088453,50.570421,50.000000
29.100000,-0.133055,103.482055,100.000000,0.091444,50.554333,50.000000
29.200000,-0.125399,103.440314,100.000000,0.094341,50.538419,50.000000
29.300000,-0.117850,103.398664,100.000000,0.097145,50.522683,50.000000
29.400000,-0.110407,103.357111,100.000000,0.099860,50.507124,50.000000
29.500000,-0.103072,103.315664,100.000000,0.102487,50.491746,50.000000
29.600000,-0.095843,103.274327,100.000000,0.105027,50.476551,50.000000
29.700000,-0.088723,103.233109,100.000000,0.107483,50.461538,50.000000
29.800000,-0.081710,103.192015,100.000000,0.109854,50.446710,50.000000
29.900000,-0.074806,103.151052,100.000000,0.112144,50.432069,50.000000
30.000000,-0.068011,103.110225,100.000000,0.114351,50.417615,50.000000
30.100000,-0.061324,103.069542,100.000000,0.116478,50.403350,50.000000
30.200000,-0.054746,103.029007,100.000000,0.118525,50.389275,50.000000
30.300000,-0.048278,102.988626,100.000000,0.120493,50.375391,50.000000
30.400000,-0.041918,102.948406,100.000000,0.122381,50.361699,50.000000
30.500000,-0.035668,102.908350,100.000000,0.124191,50.348199,50.000000
30.600000,-0.029526,102.868466,100.000000,0.125923,50.334892,50.000000
30.700000,-0.023494,102.828758,100.000000,0.127577,50.321780,50.000000
30.800000,-0.017570,102.789230,100.000000,0.129153,50.308862,50.000000
30.900000,-0.011755,102.749888,100.000000,0.130652,50.296140,50.000000
31.000000,-0.006048,102.710737,100.000000,0.132074,50.283613,50.000000
31.100000,-0.000449,102.671782,100.000000,0.133419,50.271283,50.000000
31.200000,0.005042,102.633026,100.000000,0.134688,50.259149,50.000000
31.300000,0.010426,102.594474,100.000000,0.135880,50.247211,50.000000
31.400000,0.015704,102.556131,100.000000,0.136997,50.235470,50.000000
31.500000,0.020875,102.518000,100.000000,0.138038,50.223926,50.000000
31.600000,0.025940,102.480086,100.000000,0.139003,50.212578,50.000000
31.700000,0.030900,102.442393,100.000000,0.139893,50.201427,50.000000
31.800000,0.035756,102.404924,100.000000,0.140709,50.190473,50.000000
31.900000,0.040508,102.367682,100.000000,0.141451,50.179714,50.000000
32.000000,0.045157,102.330672,100.000000,0.142119,50.169152,50.000000
32.100000,0.049703,102.293897,100.000000,0.142715,50.158785,50.000000
32.200000,0.054148,102.257359,100.000000,0.143238,50.148614,50.000000
32.300000,0.058492,102.221063,100.000000,0.143689,50.138636,50.000000
32.400000,0.062736,102.185011,100.000000,0.144070,50.128853,50.000000
32.500000,0.066881,102.149207,100.000000,0.144381,50.119263,50.000000
32.600000,0.070927,102.113652,100.000000,0.144622,50.109866,50.000000
32.700000,0.074877,102.078350,100.000000,0.144796,50.100660,50.000000
32.800000,0.078730,102.043303,100.000000,0.144902,50.091646,50.000000
32.900000,0.082488,102.008513,100.000000,0.144943,50.082821,50.000000
33.000000,0.086151,101.973984,100.000000,0.144918,50.074185,50.000000
33.100000,0.089721,101.939718,100.000000,0.144830,50.065738,50.000000
33.200000,0.093199,101.905715,100.000000,0.144679,50.057477,50.000000
33.300000,0.096585,101.871980,100.000000,0.144466,50.049402,50.000000
33.400000,0.099881,101.838513,100.000000,0.144194,50.041512,50.000000
33.500000,0.103088,101.805316,100.000000,0.143863,50.033805,50.000000
33.600000,0.106207,101.772392,100.000000,0.143475,50.026280,50.000000
33.700000,0.109239,101.739741,100.000000,0.143030,50.018936,50.000000
33.800000,0.112185,101.707366,100.000000,0.142532,50.011771,50.000000
33.900000,0.115046,101.675268,100.000000,0.141980,50.004783,50.000000
34.000000,0.117823,101.643448,100.000000,0.141377,49.997972,50.000000
34.100000,0.120518,101.611907,100.000000,0.140725,49.991336,50.000000
34.200000,0.123131,101.580648,100.000000,0.140023,49.984873,50.000000
34.300000,0.125664,101.549670,100.000000,0.139275,49.978582,50.000000
34.400000,0.128117,101.518976,100.000000,0.138482,49.972460,50.000000
34.500000,0.130493,101.488565,100.000000,0.137645,49.966507,50.000000
34.600000,0.132791,101.458440,100.000000,0.136766,49.960720,50.000000
34.700000,0.135014,101.428600,100.000000,0.135847,49.955099,50.000000
34.800000,0.137161,101.399046,100.000000,0.134889,49.949640,50.000000
34.900000,0.139235,101.369779,100.000000,0.133893,49.944342,50.000000
35.000000,0.141236,101.340800,100.000000,0.132861,49.939204,50.000000
35.100000,0.143166,101.312109,100.000000,0.131796,49.934223,50.000000
35.200000,0.145026,101.283707,100.000000,0.130697,49.929397,50.000000
35.300000,0.146816,101.255593,100.000000,0.129567,49.924726,50.000000
35.400000,0.148538,101.227768,100.000000,0.128408,49.920206,50.000000
35.500000,0.150192,101.200233,100.000000,0.127220,49.915836,50.000000
35.600000,0.151781,101.172987,100.000000,0.126006,49.911614,50.000000
35.700000,0.153305,101.146031,100.000000,0.124766,49.907538,50.000000
35.800000,0.154764,101.119364,100.000000,0.123502,49.903605,50.000000
35.900000,0.156161,101.092987,100.000000,0.122216,49.899815,50.000000
36.000000,0.157495,101.066899,100.000000,0.120909,49.896164,50.000000
36.100000,0.158769,101.041100,100.000000,0.119581,49.892651,50.000000
36.200000,0.159983,101.015590,100.000000,0.118235,49.889274,50.000000
36.300000,0.161138,100.990369,100.000000,0.116872,49.886031,50.000000
36.400000,0.162235,100.965437,100.000000,0.115492,49.882920,50.000000
36.500000,0.163275,100.940792,100.000000,0.114098,49.879938,50.000000
36.600000,0.164260,100.916435,100.000000,0.112690,49.877084,50.000000
36.700000,0.165189,100.892364,100.000000,0.111269,49.874355,50.000000
36.800000,0.166064,100.868580,100.000000,0.109837,49.871750,50.000000
36.900000,0.166887,100.845082,100.000000,0.108394,49.869266,50.000000
37.000000,0.167657,100.821870,100.000000,0.106941,49.866901,50.000000
37.100000,0.168376,100.798941,100.000000,0.105481,49.864654,50.000000
37.200000,0.169044,100.776296,100.000000,0.104012,49.862522,50.000000
37.300000,0.169663,100.753934,100.000000,0.102537,49.860503,50.000000
37.400000,0.170234,100.731854,100.000000,0.101057,49.858596,50.000000
37.500000,0.170757,100.710056,100.000000,0.099572,49.856797,50.000000
37.600000,0.171233,100.688537,100.000000,0.098082,49.855106,50.000000
37.700000,0.171664,100.667298,100.000000,0.096590,49.853520,50.000000
37.800000,0.172049,100.646337,100.000000,0.095095,49.852036,50.000000
37.900000,0.172390,100.625653,100.000000,0.093599,49.850654,50.000000
38.000000,0.172688,100.605246,100.000000,0.092102,49.849371,50.000000
38.100000,0.172943,100.585113,100.000000,0.090604,49.848184,50.000000
38.200000,0.173156,100.565254,100.000000,0.089107,49.847093,50.000000
38.300000,0.173329,100.545668,100.000000,0.087611,49.846095,50.000000
38.400000,0.173461,100.526353,100.000000,0.086117,49.845188,50.000000
38.500000,0.173554,100.507308,100.000000,0.084626,49.844370,50.000000
38.600000,0.173608,100.488532,100.000000,0.083137,49.843639,50.000000
38.700000,0.173625,100.470024,100.000000,0.081651,49.842994,50.000000
38.800000,0.173604,100.451782,100.000000,0.080170,49.842432,50.000000
38.900000,0.173548,100.433804,100.000000,0.078693,49.841952,50.000000
39.000000,0.173455,100.416090,100.000000,0.077221,49.841551,50.000000
39.100000,0.173328,100.398638,100.000000,0.075755,49.841228,50.000000
39.200000,0.173166,100.381446,100.000000,0.074294,49.840981,50.000000
39.300000,0.172971,100.364513,100.000000,0.072840,49.840807,50.000000
39.400000,0.172744,100.347837,100.000000,0.071393,49.840707,50.000000
39.500000,0.172484,100.331418,100.000000,0.069953,49.840676,50.000000
39.600000,0.172193,100.315253,100.000000,0.068520,49.840714,50.000000
39.700000,0.171872,100.299340,100.000000,0.067096,49.840820,50.000000
39.800000,0.171520,100.283678,100.000000,0.065680,49.840990,50.000000
39.900000,0.171139,100.268266,100.000000,0.064272,49.841224,50.000000
40.000000,0.170730,100.253102,100.000000,0.062873,49.841519,50.000000
40.100000,0.170292,100.238184,100.000000,0.061484,49.841875,50.000000
40.200000,0.169827,100.223510,100.000000,0.060104,49.842289,50.000000
40.300000,0.169335,100.209079,100.000000,0.058735,49.842759,50.000000
40.400000,0.168818,100.194889,100.000000,0.057375,49.843285,50.000000
40.500000,0.168274,100.180938,100.000000,0.056026,49.843863,50.000000
40.600000,0.167706,100.167224,100.000000,0.054688,49.844494,50.000000
40.700000,0.167114,100.153747,100.000000,0.053361,49.845175,50.000000
40.800000,0.166498,100.140503,100.000000,0.052045,49.845905,50.000000
40.900000,0.165859,100.127491,100.000000,0.050740,49.846681,50.000000
41.000000,0.165197,100.114710,100.000000,0.049448,49.847503,50.000000
41.100000,0.164513,100.102157,100.000000,0.048167,49.848370,50.000000
41.200000,0.163808,100.089830,100.000000,0.046898,49.849278,50.000000
41.300000,0.163083,100.077728,100.000000,0.045642,49.850228,50.000000
41.400000,0.162337,100.065849,100.000000,0.044398,49.851218,50.000000
41.500000,0.161571,100.054191,100.000000,0.043167,49.852246,50.000000
41.600000,0.160786,100.042752,100.000000,0.041949,49.853310,50.000000
41.700000,0.159983,100.031531,100.000000,0.040744,49.854410,50.000000
41.800000,0.159162,100.020524,100.000000,0.039552,49.855544,50.000000
41.900000,0.158323,100.009731,100.000000,0.038374,49.856711,50.000000
42.000000,0.157467,99.999149,100.000000,0.037209,49.857909,50.000000
42.100000,0.156594,99.988777,100.000000,0.036058,49.859138,50.000000
42.200000,0.155706,99.978612,100.000000,0.034920,49.860395,50.000000
42.300000,0.154802,99.968653,100.000000,0.033797,49.861679,50.000000
42.400000,0.153883,99.958898,100.000000,0.032687,49.862990,50.000000
42.500000,0.152949,99.949345,100.000000,0.031592,49.864326,50.000000
42.600000,0.152002,99.939991,100.000000,0.030511,49.865685,50.000000
42.700000,0.151040,99.930835,100.000000,0.029445,49.867067,50.000000
42.800000,0.150066,99.921875,100.000000,0.028393,49.868471,50.000000
42.900000,0.149079,99.913108,100.000000,0.027355,49.869895,50.000000
43.000000,0.148080,99.904534,100.000000,0.026332,49.871339,50.000000
43.100000,0.147069,99.896150,100.000000,0.025324,49.872800,50.000000
43.200000,0.146047,99.887953,100.000000,0.024330,49.874279,50.000000
43.300000,0.145014,99.879943,100.000000,0.023351,49.875773,50.000000
43.400000,0.143971,99.872116,100.000000,0.022387,49.877282,50.000000
43.500000,0.142917,99.864472,100.000000,0.021438,49.878805,50.000000
43.600000,0.141854,99.857007,100.000000,0.020503,49.880342,50.000000
43.700000,0.140782,99.849721,100.000000,0.019584,49.881890,50.000000
43.800000,0.139701,99.842611,100.000000,0.018680,49.883448,50.000000
43.900000,0.138612,99.835675,100.000000,0.017790,49.885017,50.000000
44.000000,0.137515,99.828912,100.000000,0.016916,49.886595,50.000000
44.100000,0.136410,99.822318,100.000000,0.016056,49.888182,50.000000
44.200000,0.135298,99.815893,100.000000,0.015212,49.889775,50.000000
44.300000,0.134179,99.809634,100.000000,0.014382,49.891375,50.000000
44.400000,0.133054,99.803539,100.000000,0.013567,49.892980,50.000000
44.500000,0.131922,99.797607,100.000000,0.012767,49.894591,50.000000
44.600000,0.130785,99.791835,100.000000,0.011983,49.896205,50.000000
44.700000,0.129642,99.786222,100.000000,0.011212,49.897822,50.000000
44.800000,0.128495,99.780766,100.000000,0.010457,49.899442,50.000000
44.900000,0.127343,99.775463,100.000000,0.009717,49.901063,50.000000
45.000000,0.126186,99.770314,100.000000,0.008991,49.902685,50.000000
45.100000,0.125026,99.765316,100.000000,0.008279,49.904307,50.000000
45.200000,0.123861,99.760466,100.000000,0.007583,49.905929,50.000000
45.300000,0.122694,99.755763,100.000000,0.006901,49.907549,50.000000
45.400000,0.121523,99.751205,100.000000,0.006233,49.909168,50.000000
45.500000,0.120350,99.746791,100.000000,0.005580,49.910784,50.000000
45.600000,0.119174,99.742517,100.000000,0.004941,49.912397,50.000000
45.700000,0.117996,99.738383,100.000000,0.004316,49.914007,50.000000
45.800000,0.116816,99.734387,100.000000,0.003705,49.915612,50.000000
45.900000,0.115635,99.730526,100.000000,0.003108,49.917212,50.000000
46.000000,0.114452,99.726799,100.000000,0.002525,49.918806,50.000000
46.100000,0.113269,99.723204,100.000000,0.001956,49.920395,50.000000
46.200000,0.112084,99.719738,100.000000,0.001401,49.921977,50.000000
46.300000,0.110900,99.716401,100.000000,0.000859,49.923552,50.000000
46.400000,0.109715,99.713191,100.000000,0.000331,49.925119,50.000000
46.500000,0.108530,99.710105,100.000000,-0.000184,49.926678,50.000000
46.600000,0.107345,99.707142,100.000000,-0.000686,49.928229,50.000000
46.700000,0.106161,99.704300,100.000000,-0.001174,49.929771,50.000000
46.800000,0.104978,99.701577,100.000000,-0.001650,49.931304,50.000000
46.900000,0.103796,99.698971,100.000000,-0.002112,49.932827,50.000000
47.000000,0.102615,99.696481,100.000000,-0.002562,49.934339,50.000000
47.100000,0.101435,99.694105,100.000000,-0.003000,49.935841,50.000000
47.200000,0.100258,99.691841,100.000000,-0.003424,49.937333,50.000000
47.300000,0.099082,99.689687,100.000000,-0.003837,49.938812,50.000000
47.400000,0.097908,99.687643,100.000000,-0.004237,49.940281,50.000000
47.500000,0.096737,99.685705,100.000000,-0.004625,49.941737,50.000000
47.600000,0.095568,99.683872,100.000000,-0.005002,49.943181,50.000000
47.700000,0.094402,99.682143,100.000000,-0.005366,49.944612,50.000000
47.800000,0.093239,99.680516,100.000000,-0.005719,49.946031,50.000000
47.900000,0.092080,99.678989,100.000000,-0.006061,49.947436,50.000000
48.000000,0.090923,99.677560,100.000000,-0.006391,49.948828,50.000000
48.100000,0.089770,99.676229,100.000000,-0.006710,49.950206,50.000000
48.200000,0.088621,99.674993,100.000000,-0.007018,49.951571,50.000000
48.300000,0.087476,99.673850,100.000000,-0.007315,49.952921,50.000000
48.400000,0.086334,99.672799,100.000000,-0.007601,49.954257,50.000000
48.500000,0.085197,99.671839,100.000000,-0.007877,49.955578,50.000000
48.600000,0.084064,99.670968,100.000000,-0.008142,49.956885,50.000000
48.700000,0.082936,99.670184,100.000000,-0.008397,49.958176,50.000000
48.800000,0.081812,99.669486,100.000000,-0.008642,49.959453,50.000000
48.900000,0.080693,99.668872,100.000000,-0.008877,49.960714,50.000000
49.000000,0.079579,99.668341,100.000000,-0.009102,49.961960,50.000000
49.100000,0.078471,99.667890,100.000000,-0.009318,49.963190,50.000000
49.200000,0.077367,99.667520,100.000000,-0.009524,49.964405,50.000000
49.300000,0.076269,99.667227,100.000000,-0.009721,49.965604,50.000000
49.400000,0.075176,99.667011,100.000000,-0.009908,49.966787,50.000000
49.500000,0.074089,99.666871,100.000000,-0.010087,49.967954,50.000000
49.600000,0.073008,99.666804,100.000000,-0.010257,49.969105,50.000000
49.700000,0.071932,99.666809,100.000000,-0.010418,49.970239,50.000000
49.800000,0.070863,99.666885,100.000000,-0.010570,49.971358,50.000000
49.900000,0.069799,99.667031,100.000000,-0.010714,49.972460,50.000000
50.000000,0.068742,99.667244,100.000000,-0.010850,49.973546,50.000000
50.100000,0.067691,99.667525,100.000000,-0.010978,49.974615,50.000000
50.200000,0.066646,99.667870,100.000000,-0.011097,49.975668,50.000000
50.300000,0.065608,99.668279,100.000000,-0.011209,49.976704,50.000000
50.400000,0.064576,99.668751,100.000000,-0.011314,49.977724,50.000000
50.500000,0.063551,99.669284,100.000000,-0.011410,49.978728,50.000000
50.600000,0.062533,99.669877,100.000000,-0.011500,49.979715,50.000000
50.700000,0.061522,99.670529,100.000000,-0.011582,49.980685,50.000000
50.800000,0.060517,99.671237,100.000000,-0.011658,49.981639,50.000000
50.900000,0.059520,99.672002,100.000000,-0.011726,49.982576,50.000000
51.000000,0.058530,99.672821,100.000000,-0.011788,49.983497,50.000000
51.100000,0.057546,99.673694,100.000000,-0.011843,49.984402,50.000000
51.200000,0.056570,99.674619,100.000000,-0.011891,49.985290,50.000000
51.300000,0.055601,99.675595,100.000000,-0.011934,49.986162,50.000000
51.400000,0.054640,99.676621,100.000000,-0.011970,49.987017,50.000000
51.500000,0.053686,99.677695,100.000000,-0.012000,49.987856,50.000000
51.600000,0.052739,99.678817,100.000000,-0.012024,49.988679,50.000000
51.700000,0.051800,99.679985,100.000000,-0.012043,49.989486,50.000000
51.800000,0.050869,99.681198,100.000000,-0.012055,49.990276,50.000000
51.900000,0.049945,99.682455,100.000000,-0.012063,49.991051,50.000000
52.000000,0.049028,99.683754,100.000000,-0.012065,49.991810,50.000000
52.100000,0.048120,99.685096,100.000000,-0.012062,49.992552,50.000000
52.200000,0.047219,99.686477,100.000000,-0.012054,49.993279,50.000000
52.300000,0.046326,99.687898,100.000000,-0.012041,49.993991,50.000000
52.400000,0.045440,99.689358,100.000000,-0.012023,49.994687,50.000000
52.500000,0.044563,99.690855,100.000000,-0.012000,49.995367,50.000000
52.600000,0.043693,99.692387,100.000000,-0.011973,49.996032,50.000000
52.700000,0.042832,99.693956,100.000000,-0.011942,49.996681,50.000000
52.800000,0.041978,99.695558,100.000000,-0.011906,49.997316,50.000000
52.900000,0.041132,99.697193,100.000000,-0.011866,49.997935,50.000000
53.000000,0.040294,99.698861,100.000000,-0.011822,49.998540,50.000000
53.100000,0.039464,99.700559,100.000000,-0.011774,49.999130,50.000000
53.200000,0.038642,99.702288,100.000000,-0.011722,49.999705,50.000000
53.300000,0.037829,99.704046,100.000000,-0.011667,50.000265,50.000000
53.400000,0.037023,99.705832,100.000000,-0.011608,50.000812,50.000000
53.500000,0.036225,99.707645,100.000000,-0.011545,50.001343,50.000000
53.600000,0.035436,99.709485,100.000000,-0.011480,50.001861,50.000000
53.700000,0.034654,99.711351,100.000000,-0.011411,50.002365,50.000000
53.800000,0.033881,99.713240,100.000000,-0.011339,50.002855,50.000000
53.900000,0.033115,99.715154,100.000000,-0.011263,50.003331,50.000000
54.000000,0.032358,99.717090,100.000000,-0.011186,50.003793,50.000000
54.100000,0.031609,99.719048,100.000000,-0.011105,50.004243,50.000000
54.200000,0.030868,99.721028,100.000000,-0.011021,50.004679,50.000000
54.300000,0.030135,99.723027,100.000000,-0.010935,50.005101,50.000000
54.400000,0.029410,99.725046,100.000000,-0.010847,50.005511,50.000000
54.500000,0.028693,99.727084,100.000000,-0.010756,50.005908,50.000000
54.600000,0.027984,99.729139,100.000000,-0.010663,50.006293,50.000000
54.700000,0.027284,99.731211,100.000000,-0.010568,50.006664,50.000000
54.800000,0.026591,99.733300,100.000000,-0.010470,50.007024,50.000000
54.900000,0.025906,99.735404,100.000000,-0.010371,50.007371,50.000000
55.000000,0.025230,99.737523,100.000000,-0.010270,50.007707,50.000000
55.100000,0.024561,99.739655,100.000000,-0.010167,50.008030,50.000000
55.200000,0.023901,99.741801,100.000000,-0.010062,50.008342,50.000000
55.300000,0.023248,99.743960,100.000000,-0.009955,50.008643,50.000000
55.400000,0.022603,99.746130,100.000000,-0.009847,50.008932,50.000000
55.500000,0.021967,99.748312,100.000000,-0.009738,50.009209,50.000000
55.600000,0.021338,99.750503,100.000000,-0.009627,50.009476,50.000000
55.700000,0.020717,99.752705,100.000000,-0.009515,50.009732,50.000000
55.800000,0.020104,99.754916,100.000000,-0.009402,50.009977,50.000000
55.900000,0.019499,99.757135,100.000000,-0.009288,50.010212,50.000000
56.000000,0.018902,99.759362,100.000000,-0.009172,50.010436,50.000000
56.100000,0.018312,99.761596,100.000000,-0.009056,50.010651,50.000000
56.200000,0.017730,99.763836,100.000000,-0.008939,50.010855,50.000000
56.300000,0.017156,99.766083,100.000000,-0.008820,50.011049,50.000000
56.400000,0.016590,99.768335,100.000000,-0.008702,50.011234,50.000000
56.500000,0.016031,99.770592,100.000000,-0.008582,50.011409,50.000000
56.600000,0.015480,99.772853,100.000000,-0.008462,50.011575,50.000000
56.700000,0.014937,99.775117,100.000000,-0.008341,50.011732,50.000000
56.800000,0.014401,99.777385,100.000000,-0.008220,50.011879,50.000000
56.900000,0.013873,99.779655,100.000000,-0.008098,50.012018,50.000000
57.000000,0.013352,99.781927,100.000000,-0.007976,50.012148,50.000000
57.100000,0.012839,99.784201,100.000000,-0.007854,50.012270,50.000000
57.200000,0.012333,99.786476,100.000000,-0.007732,50.012383,50.000000
57.300000,0.011834,99.788751,100.000000,-0.007609,50.012489,50.000000
57.400000,0.011343,99.791026,100.000000,-0.007486,50.012586,50.000000
57.500000,0.010859,99.793300,100.000000,-0.007363,50.012675,50.000000
57.600000,0.010382,99.795574,100.000000,-0.007241,50.012757,50.000000
57.700000,0.009913,99.797846,100.000000,-0.007118,50.012831,50.000000
57.800000,0.009451,99.800116,100.000000,-0.006995,50.012897,50.000000
57.900000,0.008996,99.802384,100.000000,-0.006872,50.012957,50.000000
58.000000,0.008548,99.804649,100.000000,-0.006750,50.013009,50.000000
58.100000,0.008107,99.806911,100.000000,-0.006628,50.013055,50.000000
58.200000,0.007673,99.809169,100.000000,-0.006506,50.013094,50.000000
58.300000,0.007246,99.811423,100.000000,-0.006385,50.013126,50.000000
58.400000,0.006825,99.813673,100.000000,-0.006263,50.013152,50.000000
58.500000,0.006412,99.815918,100.000000,-0.006143,50.013171,50.000000
58.600000,0.006006,99.818158,100.000000,-0.006022,50.013185,50.000000
58.700000,0.005606,99.820392,100.000000,-0.005903,50.013192,50.000000
58.800000,0.005213,99.822620,100.000000,-0.005783,50.013194,50.000000
58.900000,0.004827,99.824841,100.000000,-0.005665,50.013190,50.000000
59.000000,0.004447,99.827057,100.000000,-0.005547,50.013180,50.000000
59.100000,0.004074,99.829265,100.000000,-0.005429,50.013166,50.000000
59.200000,0.003707,99.831466,100.000000,-0.005312,50.013145,50.000000
59.300000,0.003347,99.833659,100.000000,-0.005196,50.013120,50.000000
59.400000,0.002993,99.835844,100.000000,-0.005081,50.013090,50.000000
59.500000,0.002646,99.838021,100.000000,-0.004967,50.013055,50.000000
59.600000,0.002305,99.840189,100.000000,-0.004853,50.013015,50.000000
59.700000,0.001970,99.842348,100.000000,-0.004740,50.012971,50.000000
59.800000,0.001641,99.844499,100.000000,-0.004628,50.012922,50.000000
59.900000,0.001319,99.846640,100.000000,-0.004517,50.012869,50.000000
60.000000,4.001319,99.852771,200.000000,3.995483,50.016812,150.000000
60.100000,8.001319,99.866873,200.000000,7.995483,50.028731,150.000000
60.200000,12.001319,99.892906,200.000000,11.995483,50.052585,150.000000
60.300000,16.001319,99.934810,200.000000,15.995483,50.092316,150.000000
60.400000,20.001319,99.996506,200.000000,19.995483,50.151843,150.000000
60.500000,24.001319,100.081895,200.000000,23.995483,50.235069,150.000000
60.600000,28.001319,100.194858,200.000000,27.995483,50.345873,150.000000
60.700000,32.001319,100.339257,200.000000,31.995483,50.488120,150.000000
60.800000,36.001319,100.518936,200.000000,35.995483,50.665650,150.000000
60.900000,40.001319,100.737718,200.000000,39.995483,50.882288,150.000000
61.000000,44.001319,100.999407,200.000000,43.995483,51.141839,150.000000
61.100000,48.001319,101.307789,200.000000,47.995483,51.448087,150.000000
61.200000,52.001319,101.666631,200.000000,51.995483,51.804800,150.000000
61.300000,56.001319,102.079680,200.000000,55.995483,52.215724,150.000000
61.400000,60.001319,102.550664,200.000000,59.995483,52.684589,150.000000
61.500000,64.001319,103.083295,200.000000,63.995483,53.215106,150.000000
61.600000,68.001319,103.681265,200.000000,67.995483,53.810965,150.000000
61.700000,72.001319,104.348246,200.000000,71.995483,54.475841,150.000000
61.800000,76.001319,105.087893,200.000000,75.995483,55.213387,150.000000
61.900000,80.001319,105.903843,200.000000,79.995483,56.027242,150.000000
62.000000,84.001319,106.799715,200.000000,83.995483,56.921022,150.000000
62.100000,88.001319,107.779109,200.000000,87.995483,57.898330,150.000000
62.200000,92.001319,108.845607,200.000000,83.995483,58.954746,150.000000
62.300000,89.833781,109.996606,200.000000,79.995483,60.085875,150.000000
62.400000,85.833781,111.227684,200.000000,75.995483,61.287345,150.000000
62.500000,81.833781,112.534441,200.000000,71.995483,62.554802,150.000000
62.600000,77.833781,113.912497,200.000000,67.995483,63.883918,150.000000
62.700000,73.833781,115.357498,200.000000,63.995483,65.270384,150.000000
62.800000,69.833781,116.865106,200.000000,59.995483,66.709912,150.000000
62.900000,65.833781,118.431011,200.000000,55.995483,68.198239,150.000000
63.000000,61.833781,120.050920,200.000000,51.995483,69.731119,150.000000
63.100000,57.833781,121.720563,200.000000,47.995483,71.304331,150.000000
63.200000,53.833781,123.435692,200.000000,43.995483,72.913672,150.000000
63.300000,49.833781,125.192078,200.000000,39.995483,74.554962,150.000000
63.400000,45.833781,126.985517,200.000000,35.995483,76.224040,150.000000
63.500000,41.833781,128.811822,200.000000,31.995483,77.916769,150.000000
63.600000,37.833781,130.666830,200.000000,27.995483,79.629030,150.000000
63.700000,33.833781,132.546396,200.000000,23.995483,81.356725,150.000000
63.800000,29.833781,134.446398,200.000000,19.995483,83.095777,150.000000
63.900000,25.833781,136.362734,200.000000,15.995483,84.842129,150.000000
64.000000,21.833781,138.291322,200.000000,11.995483,86.591745,150.000000
64.100000,17.833781,140.228101,200.000000,7.995483,88.340608,150.000000
64.200000,13.833781,142.169030,200.000000,3.995483,90.084722,150.000000
64.300000,9.833781,144.110088,200.000000,-0.004517,91.820112,150.000000
64.400000,5.833781,146.047274,200.000000,-4.004517,93.542820,150.000000
64.500000,1.833781,147.976608,200.000000,-8.004517,95.248909,150.000000
64.600000,-2.166219,149.894130,200.000000,-12.004517,96.934464,150.000000
64.700000,-6.166219,151.795897,200.000000,-16.004517,98.595587,150.000000
64.800000,-10.166219,153.677990,200.000000,-20.004517,100.228399,150.000000
64.900000,-14.166219,155.536506,200.000000,-24.004517,101.829043,150.000000
65.000000,-18.166219,157.367563,200.000000,-28.004517,103.393679,150.000000
65.100000,-22.166219,159.167298,200.000000,-32.004517,104.918488,150.000000
65.200000,-26.166219,160.931869,200.000000,-36.004517,106.399667,150.000000
65.300000,-30.166219,162.657450,200.000000,-40.004517,107.833437,150.000000
65.400000,-34.166219,164.340238,200.000000,-44.004517,109.216033,150.000000
65.500000,-38.166219,165.976445,200.000000,-48.004517,110.543711,150.000000
65.600000,-42.166219,167.562305,200.000000,-52.004517,111.812747,150.000000
65.700000,-46.166219,169.094069,200.000000,-56.004517,113.019433,150.000000
65.800000,-49.666021,170.568509,200.000000,-58.964562,114.161121,150.000000
65.900000,-49.952389,171.985624,200.000000,-58.113105,115.238987,150.000000
66.000000,-50.016288,173.345637,200.000000,-56.939452,116.254525,150.000000
66.100000,-49.874684,174.648976,200.000000,-55.475707,117.209509,150.000000
66.200000,-49.544105,175.896253,200.000000,-53.753489,118.105965,150.000000
66.300000,-49.040607,177.088254,200.000000,-51.803767,118.946135,150.000000
66.400000,-48.379743,178.225915,200.000000,-49.656708,119.732447,150.000000
66.500000,-47.576530,179.310311,200.000000,-47.341542,120.467486,150.000000
66.600000,-46.645431,180.342640,200.000000,-44.886443,121.153964,150.000000
66.700000,-45.600337,181.324206,200.000000,-42.318425,121.794690,150.000000
66.800000,-44.454546,182.256411,200.000000,-39.663255,122.392550,150.000000
66.900000,-43.220758,183.140733,200.000000,-36.945372,122.950475,150.000000
67.000000,-41.911066,183.978723,200.000000,-34.187833,123.471423,150.000000
67.100000,-40.536946,184.771986,200.000000,-31.412263,123.958354,150.000000
67.200000,-39.109265,185.522173,200.000000,-28.638819,124.414211,150.000000
67.300000,-37.638272,186.230971,200.000000,-25.886166,124.841903,150.000000
67.400000,-36.133609,186.900092,200.000000,-23.171467,125.244284,150.000000
67.500000,-34.604313,187.531263,200.000000,-20.510383,125.624144,150.000000
67.600000,-33.058826,188.126219,200.000000,-17.917076,125.984187,150.000000
67.700000,-31.505005,188.686695,200.000000,-15.404231,126.327026,150.000000
67.800000,-29.950132,189.214418,200.000000,-12.983080,126.655167,150.000000
67.900000,-28.400928,189.711103,200.000000,-10.663432,126.971004,150.000000
68.000000,-26.863569,190.178440,200.000000,-8.453719,127.276809,150.000000
68.100000,-25.343700,190.618096,200.000000,-6.361033,127.574723,150.000000
68.200000,-23.846454,191.031708,200.000000,-4.391186,127.866757,150.000000
68.300000,-22.376467,191.420876,200.000000,-2.548758,128.154781,150.000000
68.400000,-20.937899,191.787160,200.000000,-0.837161,128.440529,150.000000
68.500000,-19.534452,192.132077,200.000000,0.741301,128.725589,150.000000
68.600000,-18.169389,192.457101,200.000000,2.185367,129.011409,150.000000
68.700000,-16.845555,192.763655,200.000000,3.494749,129.299294,150.000000
68.800000,-15.565398,193.053110,200.000000,4.670068,129.590411,150.000000
68.900000,-14.330986,193.326786,200.000000,5.712781,129.885784,150.000000
69.000000,-13.144030,193.585951,200.000000,6.625111,130.186306,150.000000
69.100000,-12.005907,193.831813,200.000000,7.409982,130.492735,150.000000
69.200000,-10.917674,194.065529,200.000000,8.070943,130.805703,150.000000
69.300000,-9.880091,194.288196,200.000000,8.612106,131.125718,150.000000
69.400000,-8.893643,194.500856,200.000000,9.038075,131.453171,150.000000
69.500000,-7.958554,194.704494,200.000000,9.353885,131.788341,150.000000
69.600000,-7.074814,194.900039,200.000000,9.564933,132.131400,150.000000
69.700000,-6.242188,195.088365,200.000000,9.676921,132.482420,150.000000
69.800000,-5.460242,195.270288,200.000000,9.695798,132.841381,150.000000
69.900000,-4.728354,195.446573,200.000000,9.627701,133.208175,150.000000
70.000000,-4.045739,195.617932,200.000000,9.478903,133.582614,150.000000
70.100000,-3.411456,195.785022,200.000000,9.255763,133.964437,150.000000
70.200000,-2.824431,195.948452,200.000000,8.964680,134.353315,150.000000
70.300000,-2.283469,196.108781,200.000000,8.612047,134.748861,150.000000
70.400000,-1.787268,196.266522,200.000000,8.204211,135.150633,150.000000
70.500000,-1.334435,196.422139,200.000000,7.747436,135.558144,150.000000
70.600000,-0.923497,196.576055,200.000000,7.247866,135.970865,150.000000
70.700000,-0.552914,196.728648,200.000000,6.711498,136.388234,150.000000
70.800000,-0.221093,196.880258,200.000000,6.144151,136.809661,150.000000
70.900000,0.073606,197.031182,200.000000,5.551443,137.234531,150.000000
71.000000,0.332853,197.181686,200.000000,4.938765,137.662216,150.000000
71.100000,0.558345,197.331994,200.000000,4.311270,138.092074,150.000000
71.200000,0.751792,197.482304,200.000000,3.673850,138.523457,150.000000
71.300000,0.914909,197.632776,200.000000,3.031125,138.955714,150.000000
71.400000,1.049410,197.783546,200.000000,2.387435,139.388196,150.000000
71.500000,1.157002,197.934718,200.000000,1.746829,139.820264,150.000000
71.600000,1.239375,198.086375,200.000000,1.113063,140.251284,150.000000
71.700000,1.298195,198.238571,200.000000,0.489591,140.680638,150.000000
71.800000,1.335105,198.391341,200.000000,-0.120428,141.107725,150.000000
71.900000,1.351713,198.544699,200.000000,-0.714137,141.531963,150.000000
72.000000,1.349593,198.698640,200.000000,-1.288972,141.952791,150.000000
72.100000,1.330274,198.853142,200.000000,-1.842660,142.369672,150.000000
72.200000,1.295247,199.008166,200.000000,-2.373216,142.782095,150.000000
72.300000,1.245953,199.163661,200.000000,-2.878928,143.189577,150.000000
72.400000,1.183782,199.319562,200.000000,-3.358356,143.591663,150.000000
72.500000,1.110075,199.475794,200.000000,-3.810318,143.987929,150.000000
72.600000,1.026119,199.632271,200.000000,-4.233881,144.377979,150.000000
72.700000,0.933146,199.788899,200.000000,-4.628348,144.761451,150.000000
72.800000,0.832332,199.945576,200.000000,-4.993247,145.138012,150.000000
72.900000,0.724796,200.102194,200.000000,-5.328317,145.507362,150.000000
73.000000,0.611601,200.258641,200.000000,-5.633497,145.869232,150.000000
73.100000,0.493752,200.414799,200.000000,-5.908910,146.223383,150.000000
73.200000,0.372197,200.570549,200.000000,-6.154851,146.569609,150.000000
73.300000,0.247828,200.725768,200.000000,-6.371770,146.907732,150.000000
73.400000,0.121479,200.880332,200.000000,-6.560263,147.237604,150.000000
73.500000,-0.006069,201.034117,200.000000,-6.721055,147.559106,150.000000
73.600000,-0.134093,201.186999,200.000000,-6.854988,147.872145,150.000000
73.700000,-0.261919,201.338855,200.000000,-6.963003,148.176656,150.000000
73.800000,-0.388930,201.489563,200.000000,-7.046134,148.472599,150.000000
73.900000,-0.514556,201.639003,200.000000,-7.105491,148.759956,150.000000
74.000000,-0.638279,201.787057,200.000000,-7.142247,149.038734,150.000000
74.100000,-0.759627,201.933611,200.000000,-7.157630,149.308961,150.000000
74.200000,-0.878175,202.078554,200.000000,-7.152905,149.570683,150.000000
74.300000,-0.993543,202.221779,200.000000,-7.129373,149.823968,150.000000
74.400000,-1.105393,202.363183,200.000000,-7.088350,150.068898,150.000000
74.500000,-1.213429,202.502666,200.000000,-7.031165,150.305571,150.000000
74.600000,-1.317391,202.640134,200.000000,-6.959149,150.534103,150.000000
74.700000,-1.417059,202.775498,200.000000,-6.873625,150.754618,150.000000
74.800000,-1.512247,202.908673,200.000000,-6.775902,150.967255,150.000000
74.900000,-1.602803,203.039579,200.000000,-6.667268,151.172161,150.000000
75.000000,-1.688606,203.168142,200.000000,-6.548981,151.369494,150.000000
75.100000,-1.769565,203.294293,200.000000,-6.422267,151.559418,150.000000
75.200000,-1.845615,203.417967,200.000000,-6.288312,151.742103,150.000000
75.300000,-1.916719,203.539106,200.000000,-6.148259,151.917728,150.000000
75.400000,-1.982862,203.657657,200.000000,-6.003203,152.086471,150.000000
75.500000,-2.044053,203.773571,200.000000,-5.854188,152.248515,150.000000
75.600000,-2.100320,203.886805,200.000000,-5.702205,152.404048,150.000000
75.700000,-2.151712,203.997321,200.000000,-5.548188,152.553255,150.000000
75.800000,-2.198292,204.105086,200.000000,-5.393014,152.696322,150.000000
75.900000,-2.240141,204.210072,200.000000,-5.237501,152.833437,150.000000
76.000000,-2.277354,204.312256,200.000000,-5.082407,152.964784,150.000000
76.100000,-2.310038,204.411619,200.000000,-4.928430,153.090546,150.000000
76.200000,-2.338309,204.508147,200.000000,-4.776207,153.210902,150.000000
76.300000,-2.362298,204.601830,200.000000,-4.626317,153.326031,150.000000
76.400000,-2.382140,204.692662,200.000000,-4.479278,153.436104,150.000000
76.500000,-2.397978,204.780642,200.000000,-4.335552,153.541292,150.000000
76.600000,-2.409964,204.865772,200.000000,-4.195544,153.641758,150.000000
76.700000,-2.418252,204.948059,200.000000,-4.059605,153.737663,150.000000
76.800000,-2.423001,205.027511,200.000000,-3.928030,153.829159,150.000000
76.900000,-2.424374,205.104141,200.000000,-3.801068,153.916397,150.000000
77.000000,-2.422534,205.177966,200.000000,-3.678914,153.999520,150.000000
77.100000,-2.417647,205.249004,200.000000,-3.561721,154.078666,150.000000
77.200000,-2.409880,205.317277,200.000000,-3.449597,154.153967,150.000000
77.300000,-2.399397,205.382809,200.000000,-3.342608,154.225548,150.000000
77.400000,-2.386365,205.445627,200.000000,-3.240782,154.293531,150.000000
77.500000,-2.370946,205.505760,200.000000,-3.144111,154.358029,150.000000
77.600000,-2.353302,205.563239,200.000000,-3.052556,154.419153,150.000000
77.700000,-2.333591,205.618097,200.000000,-2.966044,154.477004,150.000000
77.800000,-2.311969,205.670369,200.000000,-2.884479,154.531683,150.000000
77.900000,-2.288587,205.720090,200.000000,-2.807736,154.583280,150.000000
78.000000,-2.263595,205.767300,200.000000,-2.735671,154.631883,150.000000
78.100000,-2.237136,205.812037,200.000000,-2.668119,154.677575,150.000000
78.200000,-2.209349,205.854340,200.000000,-2.604900,154.720434,150.000000
78.300000,-2.180370,205.894252,200.000000,-2.545817,154.760533,150.000000
78.400000,-2.150328,205.931813,200.000000,-2.490662,154.797940,150.000000
78.500000,-2.119348,205.967068,200.000000,-2.439219,154.832722,150.000000
78.600000,-2.087551,206.000058,200.000000,-2.391263,154.864938,150.000000
78.700000,-2.055049,206.030829,200.000000,-2.346564,154.894646,150.000000
78.800000,-2.021953,206.059424,200.000000,-2.304887,154.921901,150.000000
78.900000,-1.988365,206.085887,200.000000,-2.265999,154.946754,150.000000
79.000000,-1.954385,206.110264,200.000000,-2.229664,154.969253,150.000000
79.100000,-1.920104,206.132599,200.000000,-2.195648,154.989444,150.000000
79.200000,-1.885610,206.152937,200.000000,-2.163721,155.007370,150.000000
79.300000,-1.850985,206.171322,200.000000,-2.133658,155.023073,150.000000
79.400000,-1.816305,206.187798,200.000000,-2.105239,155.036592,150.000000
79.500000,-1.781642,206.202411,200.000000,-2.078251,155.047965,150.000000
79.600000,-1.747063,206.215203,200.000000,-2.052487,155.057229,150.000000
79.700000,-1.712630,206.226219,200.000000,-2.027752,155.064418,150.000000
79.800000,-1.678397,206.235502,200.000000,-2.003858,155.069568,150.000000
79.900000,-1.644418,206.243093,200.000000,-1.980627,155.072712,150.000000
80.000000,-1.610741,206.249036,200.000000,-1.957891,155.073882,150.000000
80.100000,-1.577407,206.253372,200.000000,-1.935495,155.073111,150.000000
80.200000,-1.544456,206.256142,200.000000,-1.913292,155.070430,150.000000
80.300000,-1.511922,206.257386,200.000000,-1.891149,155.065871,150.000000
80.400000,-1.479836,206.257143,200.000000,-1.868943,155.059466,150.000000
80.500000,-1.448226,206.255454,200.000000,-1.846562,155.051247,150.000000
80.600000,-1.417114,206.252356,200.000000,-1.823906,155.041245,150.000000
80.700000,-1.386522,206.247887,200.000000,-1.800887,155.029492,150.000000
80.800000,-1.356465,206.242084,200.000000,-1.777427,155.016021,150.000000
80.900000,-1.326957,206.234983,200.000000,-1.753458,155.000863,150.000000
81.000000,-1.298011,206.226620,200.000000,-1.728925,154.984052,150.000000
81.100000,-1.269634,206.217029,200.000000,-1.703780,154.965621,150.000000
81.200000,-1.241832,206.206244,200.000000,-1.677987,154.945605,150.000000
81.300000,-1.214609,206.194298,200.000000,-1.651519,154.924037,150.000000
81.400000,-1.187967,206.181224,200.000000,-1.624358,154.900953,150.000000
81.500000,-1.161904,206.167053,200.000000,-1.596493,154.876387,150.000000
81.600000,-1.136419,206.151817,200.000000,-1.567922,154.850377,150.000000
81.700000,-1.111508,206.135545,200.000000,-1.538650,154.822958,150.000000
81.800000,-1.087164,206.118268,200.000000,-1.508689,154.794167,150.000000
81.900000,-1.063382,206.100014,200.000000,-1.478058,154.764042,150.000000
82.000000,-1.040153,206.080811,200.000000,-1.446781,154.732621,150.000000
82.100000,-1.017467,206.060686,200.000000,-1.414886,154.699943,150.000000
82.200000,-0.995315,206.039667,200.000000,-1.382408,154.666045,150.000000
82.300000,-0.973686,206.017779,200.000000,-1.349384,154.630967,150.000000
82.400000,-0.952567,205.995048,200.000000,-1.315857,154.594749,150.000000
82.500000,-0.931945,205.971498,200.000000,-1.281871,154.557430,150.000000
82.600000,-0.911809,205.947155,200.000000,-1.247473,154.519050,150.000000
82.700000,-0.892144,205.922041,200.000000,-1.212712,154.479650,150.000000
82.800000,-0.872937,205.896180,200.000000,-1.177641,154.439268,150.000000
82.900000,-0.854174,205.869594,200.000000,-1.142311,154.397947,150.000000
83.000000,-0.835840,205.842305,200.000000,-1.106775,154.355725,150.000000
83.100000,-0.817920,205.814334,200.000000,-1.071086,154.312643,150.000000
83.200000,-0.800402,205.785703,200.000000,-1.035300,154.268742,150.000000
83.300000,-0.783269,205.756432,200.000000,-0.999469,154.224060,150.000000
83.400000,-0.766509,205.726541,200.000000,-0.963645,154.178638,150.000000
83.500000,-0.750106,205.696049,200.000000,-0.927881,154.132515,150.000000
83.600000,-0.734048,205.664976,200.000000,-0.892227,154.085731,150.000000
83.700000,-0.718319,205.633339,200.000000,-0.856733,154.038324,150.000000
83.800000,-0.702908,205.601158,200.000000,-0.821446,153.990333,150.000000
83.900000,-0.687800,205.568450,200.000000,-0.786413,153.941795,150.000000
84.000000,-0.672983,205.535232,200.000000,-0.751677,153.892748,150.000000
84.100000,-0.658444,205.501522,200.000000,-0.717280,153.843229,150.000000
84.200000,-0.644172,205.467337,200.000000,-0.683261,153.793274,150.000000
84.300000,-0.630155,205.432692,200.000000,-0.649659,153.742920,150.000000
84.400000,-0.616381,205.397604,200.000000,-0.616506,153.692200,150.000000
84.500000,-0.602841,205.362089,200.000000,-0.583837,153.641151,150.000000
84.600000,-0.589523,205.326162,200.000000,-0.551680,153.589805,150.000000
84.700000,-0.576419,205.289838,200.000000,-0.520063,153.538196,150.000000
84.800000,-0.563518,205.253132,200.000000,-0.489011,153.486355,150.000000
84.900000,-0.550811,205.216059,200.000000,-0.458545,153.434316,150.000000
85.000000,-0.538291,205.178633,200.000000,-0.428686,153.382108,150.000000
85.100000,-0.525950,205.140868,200.000000,-0.399450,153.329761,150.000000
85.200000,-0.513779,205.102778,200.000000,-0.370852,153.277306,150.000000
85.300000,-0.501772,205.064377,200.000000,-0.342906,153.224769,150.000000
85.400000,-0.489922,205.025677,200.000000,-0.315619,153.172180,150.000000
85.500000,-0.478224,204.986694,200.000000,-0.289002,153.119565,150.000000
85.600000,-0.466671,204.947438,200.000000,-0.263059,153.066950,150.000000
85.700000,-0.455258,204.907923,200.000000,-0.237795,153.014360,150.000000
85.800000,-0.443980,204.868162,200.000000,-0.213210,152.961820,150.000000
85.900000,-0.432833,204.828167,200.000000,-0.189306,152.909353,150.000000
86.000000,-0.421813,204.787951,200.000000,-0.166080,152.856982,150.000000
86.100000,-0.410915,204.747524,200.000000,-0.143529,152.804730,150.000000
86.200000,-0.400137,204.706899,200.000000,-0.121649,152.752618,150.000000
86.300000,-0.389475,204.666088,200.000000,-0.100433,152.700665,150.000000
86.400000,-0.378927,204.625102,200.000000,-0.079875,152.648893,150.000000
86.500000,-0.368489,204.583953,200.000000,-0.059964,152.597319,150.000000
86.600000,-0.358161,204.542651,200.000000,-0.040693,152.545962,150.000000
86.700000,-0.347940,204.501208,200.000000,-0.022050,152.494841,150.000000
86.800000,-0.337825,204.459634,200.000000,-0.004024,152.443970,150.000000
86.900000,-0.327813,204.417940,200.000000,0.013396,152.393368,150.000000
87.000000,-0.317904,204.376136,200.000000,0.030224,152.343049,150.000000
87.100000,-0.308097,204.334234,200.000000,0.046473,152.293028,150.000000
87.200000,-0.298391,204.292243,200.000000,0.062155,152.243319,150.000000
87.300000,-0.288786,204.250173,200.000000,0.077286,152.193936,150.000000
87.400000,-0.279280,204.208034,200.000000,0.091879,152.144892,150.000000
87.500000,-0.269875,204.165835,200.000000,0.105948,152.096198,150.000000
87.600000,-0.260569,204.123588,200.000000,0.119507,152.047868,150.000000
87.700000,-0.251362,204.081300,200.000000,0.132572,151.999912,150.000000
87.800000,-0.242255,204.038981,200.000000,0.145156,151.952342,150.000000
87.900000,-0.233248,203.996641,200.000000,0.157274,151.905166,150.000000
88.000000,-0.224341,203.954288,200.000000,0.168940,151.858395,150.000000
88.100000,-0.215534,203.911931,200.000000,0.180167,151.812038,150.000000
88.200000,-0.206828,203.869579,200.000000,0.190969,151.766103,150.000000
88.300000,-0.198222,203.827241,200.000000,0.201360,151.720600,150.000000
88.400000,-0.189719,203.784924,200.000000,0.211353,151.675536,150.000000
88.500000,-0.181318,203.742638,200.000000,0.220959,151.630918,150.000000
88.600000,-0.173019,203.700391,200.000000,0.230192,151.586753,150.000000
88.700000,-0.164823,203.658189,200.000000,0.239064,151.543048,150.000000
88.800000,-0.156731,203.616042,200.000000,0.247585,151.499810,150.000000
88.900000,-0.148744,203.573958,200.000000,0.255767,151.457043,150.000000
89.000000,-0.140861,203.531942,200.000000,0.263620,151.414753,150.000000
89.100000,-0.133084,203.490004,200.000000,0.271155,151.372947,150.000000
89.200000,-0.125412,203.448150,200.000000,0.278381,151.331627,150.000000
89.300000,-0.117847,203.406387,200.000000,0.285307,151.290800,150.000000
89.400000,-0.110389,203.364723,200.000000,0.291942,151.250469,150.000000
89.500000,-0.103038,203.323164,200.000000,0.298295,151.210637,150.000000
89.600000,-0.095795,203.281717,200.000000,0.304373,151.171309,150.000000
89.700000,-0.088659,203.240388,200.000000,0.310183,151.132488,150.000000
89.800000,-0.081633,203.199185,200.000000,0.315734,151.094177,150.000000
89.900000,-0.074715,203.158113,200.000000,0.321031,151.056378,150.000000
90.000000,-0.067905,203.117178,200.000000,0.326081,151.019095,150.000000
90.100000,-0.061205,203.076387,200.000000,0.330890,150.982329,150.000000
90.200000,-0.054614,203.035745,200.000000,0.335463,150.946082,150.000000
90.300000,-0.048133,202.995258,200.000000,0.339805,150.910356,150.000000
90.400000,-0.041761,202.954932,200.000000,0.343922,150.875152,150.000000
90.500000,-0.035498,202.914772,200.000000,0.347819,150.840473,150.000000
90.600000,-0.029345,202.874784,200.000000,0.351498,150.806318,150.000000
90.700000,-0.023300,202.834972,200.000000,0.354966,150.772689,150.000000
90.800000,-0.017365,202.795342,200.000000,0.358225,150.739587,150.000000
90.900000,-0.011539,202.755898,200.000000,0.361279,150.707011,150.000000
91.000000,-0.005821,202.716646,200.000000,0.364132,150.674962,150.000000
91.100000,-0.000211,202.677590,200.000000,0.366788,150.643441,150.000000
91.200000,0.005290,202.638734,200.000000,0.369248,150.612446,150.000000
91.300000,0.010684,202.600084,200.000000,0.371517,150.581978,150.000000
91.400000,0.015972,202.561642,200.000000,0.373597,150.552035,150.000000
91.500000,0.021152,202.523414,200.000000,0.375492,150.522618,150.000000
91.600000,0.026227,202.485404,200.000000,0.377203,150.493725,150.000000
91.700000,0.031196,202.447614,200.000000,0.378733,150.465355,150.000000
91.800000,0.036061,202.410050,200.000000,0.380086,150.437508,150.000000
91.900000,0.040822,202.372714,200.000000,0.381264,150.410180,150.000000
92.000000,0.045479,202.335611,200.000000,0.382269,150.383372,150.000000
92.100000,0.050033,202.298743,200.000000,0.383103,150.357081,150.000000
92.200000,0.054486,202.262113,200.000000,0.383770,150.331305,150.000000
92.300000,0.058838,202.225726,200.000000,0.384272,150.306042,150.000000
92.400000,0.063089,202.189584,200.000000,0.384611,150.281290,150.000000
92.500000,0.067241,202.153690,200.000000,0.384790,150.257047,150.000000
92.600000,0.071295,202.118046,200.000000,0.384812,150.233309,150.000000
92.700000,0.075251,202.082656,200.000000,0.384679,150.210075,150.000000
92.800000,0.079111,202.047522,200.000000,0.384394,150.187342,150.000000
92.900000,0.082875,202.012647,200.000000,0.383959,150.165106,150.000000
93.000000,0.086545,201.978033,200.000000,0.383378,150.143365,150.000000
93.100000,0.090121,201.943681,200.000000,0.382652,150.122115,150.000000
93.200000,0.093604,201.909595,200.000000,0.381785,150.101353,150.000000
93.300000,0.096996,201.875777,200.000000,0.380781,150.081076,150.000000
93.400000,0.100298,201.842228,200.000000,0.379640,150.061280,150.000000
93.500000,0.103510,201.808950,200.000000,0.378367,150.041961,150.000000
93.600000,0.106634,201.775945,200.000000,0.376965,150.023116,150.000000
93.700000,0.109670,201.743215,200.000000,0.375437,150.004740,150.000000
93.800000,0.112621,201.710761,200.000000,0.373785,149.986830,150.000000
93.900000,0.115486,201.678585,200.000000,0.372014,149.969382,150.000000
94.000000,0.118268,201.646688,200.000000,0.370125,149.952391,150.000000
94.100000,0.120967,201.615072,200.000000,0.368123,149.935853,150.000000
94.200000,0.123584,201.583737,200.000000,0.366010,149.919763,150.000000
94.300000,0.126120,201.552685,200.000000,0.363790,149.904118,150.000000
94.400000,0.128578,201.521917,200.000000,0.361467,149.888913,150.000000
94.500000,0.130956,201.491433,200.000000,0.359043,149.874143,150.000000
94.600000,0.133258,201.461235,200.000000,0.356522,149.859803,150.000000
94.700000,0.135483,201.431324,200.000000,0.353907,149.845889,150.000000
94.800000,0.137634,201.401700,200.000000,0.351201,149.832395,150.000000
94.900000,0.139711,201.372364,200.000000,0.348408,149.819317,150.000000
95.000000,0.141715,201.343316,200.000000,0.345532,149.806651,150.000000
95.100000,0.143647,201.314557,200.000000,0.342575,149.794390,150.000000
95.200000,0.145508,201.286087,200.000000,0.339542,149.782530,150.000000
95.300000,0.147301,201.257907,200.000000,0.336434,149.771066,150.000000
95.400000,0.149025,201.230017,200.000000,0.333257,149.759992,150.000000
95.500000,0.150681,201.202417,200.000000,0.330012,149.749304,150.000000
95.600000,0.152271,201.175108,200.000000,0.326703,149.738996,150.000000
95.700000,0.153796,201.148088,200.000000,0.323334,149.729062,150.000000
95.800000,0.155257,201.121359,200.000000,0.319907,149.719499,150.000000
95.900000,0.156655,201.094921,200.000000,0.316426,149.710299,150.000000
96.000000,0.157991,201.068772,200.000000,0.312894,149.701459,150.000000
96.100000,0.159266,201.042914,200.000000,0.309313,149.692972,150.000000
96.200000,0.160481,201.017345,200.000000,0.305688,149.684833,150.000000
96.300000,0.161637,200.992066,200.000000,0.302021,149.677037,150.000000
96.400000,0.162734,200.967076,200.000000,0.298314,149.669578,150.000000
96.500000,0.163775,200.942374,200.000000,0.294571,149.662451,150.000000
96.600000,0.164760,200.917961,200.000000,0.290795,149.655650,150.000000
96.700000,0.165690,200.893836,200.000000,0.286988,149.649170,150.000000
96.800000,0.166565,200.869998,200.000000,0.283153,149.643006,150.000000
96.900000,0.167387,200.846446,200.000000,0.279293,149.637152,150.000000
97.000000,0.168157,200.823181,200.000000,0.275409,149.631603,150.000000
97.100000,0.168876,200.800200,200.000000,0.271506,149.626353,150.000000
97.200000,0.169544,200.777504,200.000000,0.267585,149.621397,150.000000
97.300000,0.170163,200.755092,200.000000,0.263648,149.616729,150.000000
97.400000,0.170734,200.732962,200.000000,0.259698,149.612344,150.000000
97.500000,0.171256,200.711114,200.000000,0.255737,149.608237,150.000000
97.600000,0.171732,200.689548,200.000000,0.251768,149.604403,150.000000
97.700000,0.172161,200.668261,200.000000,0.247792,149.600835,150.000000
97.800000,0.172546,200.647253,200.000000,0.243811,149.597529,150.000000
97.900000,0.172886,200.626524,200.000000,0.239828,149.594479,150.000000
98.000000,0.173183,200.606071,200.000000,0.235844,149.591680,150.000000
98.100000,0.173437,200.585893,200.000000,0.231862,149.589127,150.000000
98.200000,0.173649,200.565991,200.000000,0.227883,149.586815,150.000000
98.300000,0.173820,200.546361,200.000000,0.223908,149.584738,150.000000
98.400000,0.173951,200.527004,200.000000,0.219940,149.582892,150.000000
98.500000,0.174043,200.507917,200.000000,0.215981,149.581271,150.000000
98.600000,0.174096,200.489100,200.000000,0.212031,149.579870,150.000000
98.700000,0.174111,200.470552,200.000000,0.208092,149.578684,150.000000
98.800000,0.174089,200.452270,200.000000,0.204166,149.577708,150.000000
98.900000,0.174030,200.434253,200.000000,0.200255,149.576937,150.000000
99.000000,0.173936,200.416501,200.000000,0.196358,149.576367,150.000000
99.100000,0.173807,200.399011,200.000000,0.192479,149.575992,150.000000
99.200000,0.173643,200.381782,200.000000,0.188617,149.575807,150.000000
99.300000,0.173446,200.364813,200.000000,0.184775,149.575808,150.000000
99.400000,0.173217,200.348102,200.000000,0.180953,149.575990,150.000000
99.500000,0.172955,200.331647,200.000000,0.177153,149.576348,150.000000
99.600000,0.172662,200.315448,200.000000,0.173375,149.576878,150.000000
99.700000,0.172338,200.299501,200.000000,0.169621,149.577575,150.000000
99.800000,0.171984,200.283807,200.000000,0.165891,149.578434,150.000000
99.900000,0.171601,200.268362,200.000000,0.162187,149.579451,150.000000
100.000000,0.171189,200.253166,200.000000,0.158510,149.580622,150.000000
100.100000,0.170749,200.238216,200.000000,0.154859,149.581941,150.000000
100.200000,0.170282,200.223512,200.000000,0.151237,149.583405,150.000000
100.300000,0.169788,200.209051,200.000000,0.147643,149.585010,150.000000
100.400000,0.169267,200.194831,200.000000,0.144079,149.586750,150.000000
100.500000,0.168721,200.180852,200.000000,0.140546,149.588623,150.000000
100.600000,0.168151,200.167110,200.000000,0.137043,149.590623,150.000000
100.700000,0.167556,200.153605,200.000000,0.133572,149.592746,150.000000
100.800000,0.166937,200.140334,200.000000,0.130133,149.594989,150.000000
100.900000,0.166295,200.127295,200.000000,0.126727,149.597348,150.000000
101.000000,0.165630,200.114488,200.000000,0.123355,149.599818,150.000000
101.100000,0.164944,200.101910,200.000000,0.120016,149.602396,150.000000
101.200000,0.164236,200.089558,200.000000,0.116712,149.605078,150.000000
101.300000,0.163507,200.077432,200.000000,0.113442,149.607859,150.000000
101.400000,0.162759,200.065529,200.000000,0.110208,149.610737,150.000000
101.500000,0.161990,200.053848,200.000000,0.107010,149.613708,150.000000
101.600000,0.161202,200.042387,200.000000,0.103848,149.616768,150.000000
101.700000,0.160396,200.031143,200.000000,0.100723,149.619913,150.000000
101.800000,0.159571,200.020115,200.000000,0.097634,149.623140,150.000000
101.900000,0.158729,200.009301,200.000000,0.094583,149.626445,150.000000
102.000000,0.157870,199.998698,200.000000,0.091569,149.629826,150.000000
102.100000,0.156995,199.988306,200.000000,0.088594,149.633278,150.000000
102.200000,0.156103,199.978122,200.000000,0.085656,149.636798,150.000000
102.300000,0.155196,199.968144,200.000000,0.082756,149.640384,150.000000
102.400000,0.154274,199.958370,200.000000,0.079896,149.644032,150.000000
102.500000,0.153337,199.948798,200.000000,0.077073,149.647738,150.000000
102.600000,0.152386,199.939427,200.000000,0.074290,149.651500,150.000000
102.700000,0.151422,199.930253,200.000000,0.071547,149.655315,150.000000
102.800000,0.150444,199.921277,200.000000,0.068842,149.659180,150.000000
102.900000,0.149454,199.912494,200.000000,0.066177,149.663092,150.000000
103.000000,0.148451,199.903904,200.000000,0.063551,149.667047,150.000000
103.100000,0.147437,199.895504,200.000000,0.060965,149.671044,150.000000
103.200000,0.146412,199.887293,200.000000,0.058419,149.675080,150.000000
103.300000,0.145375,199.879268,200.000000,0.055912,149.679150,150.000000
103.400000,0.144329,199.871427,200.000000,0.053446,149.683255,150.000000
103.500000,0.143272,199.863769,200.000000,0.051019,149.687389,150.000000
103.600000,0.142205,199.856292,200.000000,0.048632,149.691552,150.000000
103.700000,0.141130,199.848993,200.000000,0.046285,149.695740,150.000000
103.800000,0.140046,199.841870,200.000000,0.043978,149.699951,150.000000
103.900000,0.138953,199.834922,200.000000,0.041710,149.704182,150.000000
104.000000,0.137852,199.828147,200.000000,0.039483,149.708432,150.000000
104.100000,0.136744,199.821542,200.000000,0.037295,149.712698,150.000000
104.200000,0.135628,199.815106,200.000000,0.035147,149.716978,150.000000
104.300000,0.134506,199.808837,200.000000,0.033038,149.721270,150.000000
104.400000,0.133377,199.802732,200.000000,0.030969,149.725571,150.000000
104.500000,0.132243,199.796790,200.000000,0.028939,149.729879,150.000000
104.600000,0.131102,199.791009,200.000000,0.026949,149.734193,150.000000
104.700000,0.129956,199.785387,200.000000,0.024997,149.738510,150.000000
104.800000,0.128805,199.779922,200.000000,0.023085,149.742829,150.000000
104.900000,0.127650,199.774612,200.000000,0.021211,149.747148,150.000000
105.000000,0.126490,199.769454,200.000000,0.019376,149.751464,150.000000
105.100000,0.125326,199.764448,200.000000,0.017579,149.755776,150.000000
105.200000,0.124158,199.759591,200.000000,0.015820,149.760082,150.000000
105.300000,0.122987,199.754882,200.000000,0.014100,149.764381,150.000000
105.400000,0.121813,199.750317,200.000000,0.012417,149.768671,150.000000
105.500000,0.120636,199.745896,200.000000,0.010771,149.772951,150.000000
105.600000,0.119457,199.741617,200.000000,0.009163,149.777218,150.000000
105.700000,0.118276,199.737477,200.000000,0.007592,149.781471,150.000000
105.800000,0.117092,199.733476,200.000000,0.006058,149.785709,150.000000
105.900000,0.115908,199.729610,200.000000,0.004560,149.789930,150.000000
106.000000,0.114722,199.725878,200.000000,0.003099,149.794134,150.000000
106.100000,0.113535,199.722278,200.000000,0.001673,149.798318,150.000000
106.200000,0.112347,199.718809,200.000000,0.000283,149.802481,150.000000
106.300000,0.111159,199.715468,200.000000,-0.001072,149.806623,150.000000
106.400000,0.109971,199.712254,200.000000,-0.002392,149.810741,150.000000
106.500000,0.108782,199.709165,200.000000,-0.003677,149.814836,150.000000
106.600000,0.107595,199.706198,200.000000,-0.004927,149.818904,150.000000
106.700000,0.106407,199.703353,200.000000,-0.006144,149.822947,150.000000
106.800000,0.105221,199.700628,200.000000,-0.007327,149.826961,150.000000
106.900000,0.104035,199.698020,200.000000,-0.008477,149.830948,150.000000
107.000000,0.102851,199.695528,200.000000,-0.009593,149.834904,150.000000
107.100000,0.101668,199.693150,200.000000,-0.010677,149.838831,150.000000
107.200000,0.100488,199.690884,200.000000,-0.011729,149.842725,150.000000
107.300000,0.099309,199.688730,200.000000,-0.012749,149.846588,150.000000
107.400000,0.098132,199.686684,200.000000,-0.013738,149.850418,150.000000
107.500000,0.096957,199.684745,200.000000,-0.014695,149.854213,150.000000
107.600000,0.095786,199.682911,200.000000,-0.015622,149.857975,150.000000
107.700000,0.094617,199.681182,200.000000,-0.016518,149.861700,150.000000
107.800000,0.093451,199.679555,200.000000,-0.017385,149.865390,150.000000
107.900000,0.092288,199.678028,200.000000,-0.018221,149.869043,150.000000
108.000000,0.091128,199.676599,200.000000,-0.019029,149.872659,150.000000
108.100000,0.089972,199.675268,200.000000,-0.019808,149.876237,150.000000
108.200000,0.088820,199.674033,200.000000,-0.020558,149.879777,150.000000
108.300000,0.087671,199.672891,200.000000,-0.021281,149.883277,150.000000
108.400000,0.086527,199.671841,200.000000,-0.021976,149.886738,150.000000
108.500000,0.085387,199.670882,200.000000,-0.022643,149.890159,150.000000
108.600000,0.084251,199.670012,200.000000,-0.023284,149.893540,150.000000
108.700000,0.083120,199.669230,200.000000,-0.023899,149.896880,150.000000
108.800000,0.081993,199.668533,200.000000,-0.024488,149.900179,150.000000
108.900000,0.080871,199.667921,200.000000,-0.025051,149.903436,150.000000
109.000000,0.079754,199.667392,200.000000,-0.025589,149.906651,150.000000
109.100000,0.078643,199.666944,200.000000,-0.026103,149.909824,150.000000
109.200000,0.077536,199.666576,200.000000,-0.026592,149.912955,150.000000
109.300000,0.076435,199.666286,200.000000,-0.027058,149.916043,150.000000
109.400000,0.075340,199.666072,200.000000,-0.027499,149.919088,150.000000
109.500000,0.074250,199.665935,200.000000,-0.027918,149.922090,150.000000
109.600000,0.073166,199.665871,200.000000,-0.028315,149.925048,150.000000
109.700000,0.072087,199.665879,200.000000,-0.028689,149.927964,150.000000
109.800000,0.071015,199.665958,200.000000,-0.029041,149.930835,150.000000
109.900000,0.069949,199.666107,200.000000,-0.029372,149.933663,150.000000
110.000000,0.068889,199.666324,200.000000,-0.029682,149.936447,150.000000
110.100000,0.067835,199.666608,200.000000,-0.029971,149.939187,150.000000
110.200000,0.066788,199.666957,200.000000,-0.030240,149.941883,150.000000
110.300000,0.065747,199.667370,200.000000,-0.030489,149.944535,150.000000
110.400000,0.064713,199.667846,200.000000,-0.030719,149.947143,150.000000
110.500000,0.063685,199.668383,200.000000,-0.030930,149.949707,150.000000
110.600000,0.062665,199.668980,200.000000,-0.031123,149.952227,150.000000
110.700000,0.061651,199.669636,200.000000,-0.031297,149.954704,150.000000
110.800000,0.060644,199.670349,200.000000,-0.031453,149.957136,150.000000
110.900000,0.059644,199.671118,200.000000,-0.031592,149.959525,150.000000
111.000000,0.058651,199.671942,200.000000,-0.031714,149.961870,150.000000
111.100000,0.057665,199.672820,200.000000,-0.031819,149.964171,150.000000
111.200000,0.056687,199.673750,200.000000,-0.031908,149.966430,150.000000
111.300000,0.055716,199.674731,200.000000,-0.031981,149.968644,150.000000
111.400000,0.054752,199.675761,200.000000,-0.032039,149.970816,150.000000
111.500000,0.053795,199.676841,200.000000,-0.032082,149.972945,150.000000
111.600000,0.052846,199.677968,200.000000,-0.032109,149.975031,150.000000
111.700000,0.051905,199.679141,200.000000,-0.032123,149.977074,150.000000
111.800000,0.050971,199.680359,200.000000,-0.032122,149.979076,150.000000
111.900000,0.050045,199.681621,200.000000,-0.032108,149.981035,150.000000
112.000000,0.049126,199.682926,200.000000,-0.032080,149.982952,150.000000
112.100000,0.048216,199.684273,200.000000,-0.032039,149.984827,150.000000
112.200000,0.047312,199.685660,200.000000,-0.031986,149.986661,150.000000
112.300000,0.046417,199.687087,200.000000,-0.031920,149.988454,150.000000
112.400000,0.045530,199.688552,200.000000,-0.031843,149.990207,150.000000
112.500000,0.044650,199.690055,200.000000,-0.031754,149.991918,150.000000
112.600000,0.043778,199.691593,200.000000,-0.031653,149.993590,150.000000
112.700000,0.042915,199.693167,200.000000,-0.031542,149.995222,150.000000
112.800000,0.042059,199.694776,200.000000,-0.031420,149.996814,150.000000
112.900000,0.041211,199.696417,200.000000,-0.031288,149.998367,150.000000
113.000000,0.040371,199.698090,200.000000,-0.031145,149.999880,150.000000
113.100000,0.039539,199.699795,200.000000,-0.030994,150.001356,150.000000
113.200000,0.038716,199.701530,200.000000,-0.030832,150.002793,150.000000
113.300000,0.037900,199.703294,200.000000,-0.030662,150.004192,150.000000
113.400000,0.037092,199.705086,200.000000,-0.030483,150.005554,150.000000
113.500000,0.036293,199.706906,200.000000,-0.030296,150.006879,150.000000
113.600000,0.035501,199.708752,200.000000,-0.030100,150.008167,150.000000
113.700000,0.034718,199.710624,200.000000,-0.029897,150.009418,150.000000
113.800000,0.033942,199.712520,200.000000,-0.029686,150.010634,150.000000
113.900000,0.033175,199.714440,200.000000,-0.029467,150.011814,150.000000
114.000000,0.032416,199.716382,200.000000,-0.029242,150.012959,150.000000
114.100000,0.031665,199.718347,200.000000,-0.029010,150.014069,150.000000
114.200000,0.030923,199.720333,200.000000,-0.028772,150.015145,150.000000
114.300000,0.030188,199.722339,200.000000,-0.028527,150.016187,150.000000
114.400000,0.029461,199.724364,200.000000,-0.028276,150.017196,150.000000
114.500000,0.028743,199.726408,200.000000,-0.028020,150.018171,150.000000
114.600000,0.028032,199.728470,200.000000,-0.027759,150.019114,150.000000
114.700000,0.027330,199.730549,200.000000,-0.027492,150.020025,150.000000
114.800000,0.026636,199.732644,200.000000,-0.027220,150.020904,150.000000
114.900000,0.025950,199.734754,200.000000,-0.026943,150.021751,150.000000
115.000000,0.025272,199.736880,200.000000,-0.026663,150.022568,150.000000
115.100000,0.024601,199.739019,200.000000,-0.026377,150.023354,150.000000
115.200000,0.023939,199.741171,200.000000,-0.026088,150.024110,150.000000
115.300000,0.023285,199.743336,200.000000,-0.025795,150.024837,150.000000
115.400000,0.022639,199.745513,200.000000,-0.025499,150.025534,150.000000
115.500000,0.022001,199.747701,200.000000,-0.025199,150.026203,150.000000
115.600000,0.021371,199.749900,200.000000,-0.024897,150.026844,150.000000
115.700000,0.020749,199.752108,200.000000,-0.024591,150.027456,150.000000
115.800000,0.020134,199.754325,200.000000,-0.024282,150.028042,150.000000
115.900000,0.019528,199.756551,200.000000,-0.023971,150.028600,150.000000
116.000000,0.018929,199.758784,200.000000,-0.023658,150.029132,150.000000
116.100000,0.018338,199.761025,200.000000,-0.023343,150.029638,150.000000
116.200000,0.017755,199.763272,200.000000,-0.023026,150.030119,150.000000
116.300000,0.017180,199.765525,200.000000,-0.022707,150.030574,150.000000
116.400000,0.016612,199.767784,200.000000,-0.022386,150.031005,150.000000
116.500000,0.016052,199.770047,200.000000,-0.022064,150.031411,150.000000
116.600000,0.015500,199.772314,200.000000,-0.021741,150.031794,150.000000
116.700000,0.014956,199.774585,200.000000,-0.021417,150.032153,150.000000
116.800000,0.014419,199.776860,200.000000,-0.021092,150.032490,150.000000
116.900000,0.013889,199.779136,200.000000,-0.020766,150.032804,150.000000
117.000000,0.013367,199.781415,200.000000,-0.020440,150.033096,150.000000
117.100000,0.012853,199.783695,200.000000,-0.020113,150.033366,150.000000
117.200000,0.012346,199.785976,200.000000,-0.019786,150.033616,150.000000
117.300000,0.011846,199.788257,200.000000,-0.019459,150.033844,150.000000
117.400000,0.011354,199.790539,200.000000,-0.019132,150.034053,150.000000
117.500000,0.010869,199.792820,200.000000,-0.018805,150.034241,150.000000
117.600000,0.010391,199.795100,200.000000,-0.018479,150.034410,150.000000
117.700000,0.009921,199.797378,200.000000,-0.018152,150.034560,150.000000
117.800000,0.009457,199.799654,200.000000,-0.017827,150.034692,150.000000
117.900000,0.009001,199.801928,200.000000,-0.017502,150.034805,150.000000
118.000000,0.008552,199.804200,200.000000,-0.017178,150.034901,150.000000
118.100000,0.008111,199.806468,200.000000,-0.016855,150.034979,150.000000
118.200000,0.007676,199.808732,200.000000,-0.016533,150.035040,150.000000
118.300000,0.007248,199.810992,200.000000,-0.016212,150.035085,150.000000
118.400000,0.006827,199.813248,200.000000,-0.015892,150.035114,150.000000
118.500000,0.006413,199.815499,200.000000,-0.015574,150.035127,150.000000
118.600000,0.006005,199.817745,200.000000,-0.015257,150.035124,150.000000
118.700000,0.005605,199.819985,200.000000,-0.014942,150.035107,150.000000
118.800000,0.005211,199.822219,200.000000,-0.014629,150.035075,150.000000
118.900000,0.004824,199.824447,200.000000,-0.014317,150.035029,150.000000
119.000000,0.004443,199.826668,200.000000,-0.014007,150.034970,150.000000
119.100000,0.004069,199.828882,200.000000,-0.013699,150.034897,150.000000
119.200000,0.003702,199.831088,200.000000,-0.013393,150.034810,150.000000
119.300000,0.003341,199.833287,200.000000,-0.013089,150.034712,150.000000
119.400000,0.002987,199.835478,200.000000,-0.012787,150.034600,150.000000
119.500000,0.002639,199.837661,200.000000,-0.012488,150.034477,150.000000
119.600000,0.002297,199.839835,200.000000,-0.012190,150.034343,150.000000
119.700000,0.001961,199.842000,200.000000,-0.011895,150.034197,150.000000
119.800000,0.001632,199.844156,200.000000,-0.011603,150.034040,150.000000
119.900000,0.001309,199.846302,200.000000,-0.011313,150.033873,150.000000
